date,station,AWND,PRCP,SNOW,SNWD,TAVG,TMAX,TMIN,WDF2,WDF5,WSF2,WSF5
1/1/2015,,36,0,0,0,-50,0,-77,230,220,89,121
1/2/2015,,51,0,0,0,-7,33,-55,290,280,130,170
1/3/2015,,30,104,79,0,-62,11,-99,130,130,76,103
1/4/2015,,30,119,33,100,-24,17,-49,340,350,67,85
1/5/2015,,93,0,0,100,5,50,-127,290,280,174,228
1/6/2015,,17,0,0,100,-112,-82,-160,300,300,67,85
1/7/2015,,43,0,0,100,-106,-38,-171,310,300,116,143
1/8/2015,,30,0,0,80,-164,-82,-227,240,240,72,112
1/9/2015,,48,13,10,80,-60,-16,-82,200,210,103,148
1/10/2015,,37,0,0,80,-71,-43,-121,290,290,98,125
1/11/2015,,27,0,0,80,-88,-32,-138,220,220,54,67
1/12/2015,,12,53,71,100,-26,6,-43,330,350,45,67
1/13/2015,,42,0,0,150,-60,-5,-182,330,330,112,152
1/14/2015,,21,0,0,150,-130,-43,-210,350,360,36,40
1/15/2015,,31,8,10,150,-37,-16,-66,360,350,54,67
1/16/2015,,55,0,0,150,-36,33,-143,290,300,157,192
1/17/2015,,21,0,0,150,-123,-66,-188,300,300,67,81
1/18/2015,,32,64,0,130,-37,94,-88,140,140,125,179
1/19/2015,,52,28,0,80,65,94,17,140,150,112,161
1/20/2015,,50,0,0,50,4,22,-60,260,280,94,125
1/21/2015,,11,0,0,50,-51,-5,-110,350,340,40,49
1/22/2015,,17,0,0,50,-28,33,-60,360,360,45,58
1/23/2015,,30,0,0,30,-34,17,-82,250,300,58,81
1/24/2015,,34,69,84,30,-17,0,-38,330,340,81,107
1/25/2015,,55,0,0,130,-5,28,-116,290,330,103,130
1/26/2015,,37,0,0,100,-103,-66,-160,10,10,94,121
1/27/2015,,112,602,564,200,-98,-82,-116,350,340,157,215
1/28/2015,,54,18,41,430,-72,-32,-138,10,340,139,179
1/29/2015,,10,0,0,380,-95,-10,-193,280,280,45,49
1/30/2015,,32,97,109,380,-29,0,-60,320,320,112,165
1/31/2015,,85,13,33,460,-68,-55,-138,330,320,143,192
2/1/2015,,27,0,0,410,-108,-32,-182,330,350,63,81
2/2/2015,,65,226,231,410,-143,-110,-160,350,360,116,157
2/3/2015,,30,0,0,510,-114,-66,-177,310,310,89,130
2/4/2015,,18,15,20,480,-96,17,-188,210,230,81,121
2/5/2015,,57,53,64,510,-22,11,-155,340,330,116,157
2/6/2015,,16,0,0,510,-139,-71,-227,310,320,63,85
2/7/2015,,28,0,0,480,-76,-21,-132,20,280,58,76
2/8/2015,,55,66,74,480,-92,-55,-127,50,10,89,112
2/9/2015,,60,102,122,580,-117,-93,-121,10,360,81,116
2/10/2015,,38,33,43,560,-83,-10,-116,360,350,72,89
2/11/2015,,34,0,0,530,-84,-49,-138,30,20,81,112
2/12/2015,,16,10,33,510,-107,-66,-160,340,30,36,45
2/13/2015,,39,0,0,530,-101,-82,-199,330,330,81,112
2/14/2015,,26,58,48,530,-149,-88,-221,20,20,76,98
2/15/2015,,91,5,10,560,-94,-71,-182,340,310,157,206
2/16/2015,,66,0,0,530,-140,-60,-193,310,310,157,197
2/17/2015,,13,0,0,510,-124,-60,-177,70,60,45,54
2/18/2015,,20,5,10,510,-68,0,-143,100,110,67,85
2/19/2015,,40,76,147,640,-25,6,-99,290,280,98,125
2/20/2015,,57,0,0,610,-103,-71,-138,300,270,94,130
2/21/2015,,34,38,36,580,-99,11,-182,190,190,81,125
2/22/2015,,9,3,3,580,-5,17,-60,220,220,58,76
2/23/2015,,65,0,0,560,-57,-5,-199,310,320,116,157
2/24/2015,,22,0,0,560,-166,-71,-238,220,230,63,85
2/25/2015,,37,23,38,580,-59,11,-99,270,270,98,125
2/26/2015,,30,0,0,560,-75,-60,-105,10,300,58,72
2/27/2015,,21,0,0,560,-81,-27,-155,290,,54,
2/28/2015,,20,0,0,530,-106,-27,-216,180,170,63,81
3/1/2015,,26,13,10,530,-86,-10,-188,180,220,63,85
3/2/2015,,57,0,0,560,-24,22,-71,290,290,143,210
3/3/2015,,35,61,30,530,-51,0,-132,200,190,89,121
3/4/2015,,44,8,5,560,20,78,-5,280,260,94,116
3/5/2015,,57,0,0,530,2,39,-110,300,290,107,161
3/6/2015,,32,0,0,510,-93,-49,-166,180,190,67,89
3/7/2015,,31,0,0,510,-39,33,-99,240,250,67,94
3/8/2015,,26,0,0,510,-15,44,-110,270,280,89,107
3/9/2015,,47,0,0,510,14,67,-27,290,310,130,165
3/10/2015,,34,0,0,480,31,83,-38,170,170,89,107
3/11/2015,,47,0,0,430,76,133,28,310,330,139,170
3/12/2015,,76,0,0,360,17,50,-66,330,340,148,210
3/13/2015,,21,0,0,360,-30,39,-93,200,250,67,94
3/14/2015,,28,211,0,360,14,33,-10,30,20,72,98
3/15/2015,,69,13,8,360,9,22,-27,360,350,134,170
3/16/2015,,41,0,0,360,2,72,-49,340,330,103,152
3/17/2015,,50,10,5,360,14,67,-38,320,300,174,237
3/18/2015,,84,0,0,330,-44,-21,-77,320,310,139,188
3/19/2015,,69,0,0,330,-53,0,-88,320,310,139,188
3/20/2015,,25,0,0,330,-42,11,-105,200,190,58,76
3/21/2015,,22,5,0,300,-1,22,-16,130,230,54,72
3/22/2015,,82,0,0,280,-29,17,-99,300,310,139,197
3/23/2015,,53,0,0,280,-62,11,-105,300,280,98,116
3/24/2015,,22,0,0,280,-32,39,-93,180,160,58,76
3/25/2015,,28,3,0,280,-2,56,-66,210,200,76,116
3/26/2015,,26,109,0,280,53,94,28,190,190,67,89
3/27/2015,,20,18,0,230,58,94,33,10,10,45,58
3/28/2015,,52,0,3,200,31,50,-10,350,350,103,116
3/29/2015,,32,0,0,200,2,50,-55,170,170,67,81
3/30/2015,,38,5,0,200,16,44,-10,200,180,98,130
3/31/2015,,55,0,0,180,46,89,-5,300,300,103,134
4/1/2015,,41,0,0,180,23,72,-38,330,310,107,152
4/2/2015,,25,0,0,180,9,78,-49,200,150,67,85
4/3/2015,,24,0,0,150,101,189,33,250,250,72,89
4/4/2015,,59,43,0,100,65,94,-16,330,300,134,188
4/5/2015,,50,0,0,80,23,89,-49,260,270,125,157
4/6/2015,,31,0,0,50,19,50,-27,90,110,63,85
4/7/2015,,22,0,0,0,38,83,-16,50,40,58,67
4/8/2015,,42,38,36,0,20,56,-21,90,30,76,89
4/9/2015,,50,81,38,80,2,17,-16,80,90,81,112
4/10/2015,,22,97,0,50,23,61,11,150,150,58,76
4/11/2015,,53,0,0,0,74,122,-5,270,280,125,170
4/12/2015,,27,0,0,0,96,200,-16,240,280,72,98
4/13/2015,,41,0,0,0,104,189,6,180,170,94,134
4/14/2015,,38,10,0,0,141,211,44,310,280,112,148
4/15/2015,,49,0,0,0,116,183,33,350,330,116,157
4/16/2015,,37,0,0,0,78,128,-21,200,200,81,107
4/17/2015,,38,28,0,0,117,194,72,280,280,81,107
4/18/2015,,32,0,0,0,101,128,39,150,110,76,103
4/19/2015,,35,0,0,0,79,139,22,350,350,81,103
4/20/2015,,54,559,0,0,56,89,22,110,120,112,152
4/21/2015,,30,378,0,0,106,172,50,110,90,94,174
4/22/2015,,47,0,0,0,94,156,17,170,170,107,152
4/23/2015,,43,23,0,0,84,117,33,240,240,98,134
4/24/2015,,49,0,0,0,62,122,17,310,290,98,125
4/25/2015,,44,0,0,0,61,128,0,290,350,98,121
4/26/2015,,25,0,0,0,86,133,39,100,90,58,67
4/27/2015,,60,20,0,0,104,144,61,20,20,116,161
4/28/2015,,74,0,0,0,110,172,67,300,300,125,165
4/29/2015,,25,0,0,0,118,139,72,360,20,76,103
4/30/2015,,26,0,0,0,106,156,50,100,100,72,89
5/1/2015,,26,0,0,0,89,128,39,150,150,67,89
5/2/2015,,27,0,0,0,73,122,33,150,140,67,85
5/3/2015,,24,0,0,0,96,167,44,170,170,63,85
5/4/2015,,31,0,0,0,139,244,56,190,170,89,139
5/5/2015,,41,0,0,0,206,239,106,10,340,89,112
5/6/2015,,26,0,0,0,156,222,56,180,190,89,116
5/7/2015,,35,0,0,0,181,289,78,180,180,94,116
5/8/2015,,54,0,0,0,124,144,67,90,70,103,130
5/9/2015,,26,0,0,0,97,150,67,170,200,72,98
5/10/2015,,30,178,0,0,186,283,111,300,300,125,174
5/11/2015,,40,3,0,0,168,200,89,90,100,89,116
5/12/2015,,37,8,0,0,139,278,83,270,260,134,192
5/13/2015,,57,0,0,0,164,178,67,320,320,125,161
5/14/2015,,36,0,0,0,126,200,44,200,180,81,103
5/15/2015,,26,0,0,0,136,211,61,180,190,72,103
5/16/2015,,20,0,0,0,127,172,89,150,150,54,67
5/17/2015,,30,8,0,0,144,233,89,90,90,67,81
5/18/2015,,36,0,0,0,118,161,89,90,100,63,76
5/19/2015,,28,46,0,0,125,183,94,180,180,63,81
5/20/2015,,51,0,0,0,163,194,72,290,290,125,148
5/21/2015,,38,0,0,0,128,206,39,190,190,112,148
5/22/2015,,32,0,0,0,146,194,83,340,320,107,148
5/23/2015,,57,0,0,0,114,183,39,300,300,125,161
5/24/2015,,50,0,0,0,179,283,100,270,290,112,134
5/25/2015,,33,3,0,0,215,289,128,250,290,81,125
5/26/2015,,33,8,0,0,208,328,144,270,280,94,125
5/27/2015,,36,0,0,0,225,261,172,180,200,98,152
5/28/2015,,35,94,0,0,216,267,178,180,170,94,134
5/29/2015,,33,0,0,0,204,250,150,150,150,67,81
5/30/2015,,37,0,0,0,183,289,122,190,190,94,134
5/31/2015,,40,241,0,0,179,228,100,50,50,94,125
6/1/2015,,48,305,0,0,101,106,78,50,40,89,112
6/2/2015,,31,165,0,0,83,100,72,50,50,76,94
6/3/2015,,16,0,0,0,106,161,72,350,350,58,72
6/4/2015,,17,0,0,0,112,156,67,170,150,58,72
6/5/2015,,27,8,0,0,106,144,61,160,150,72,94
6/6/2015,,37,8,0,0,152,228,100,340,340,89,121
6/7/2015,,33,0,0,0,147,194,61,180,170,67,89
6/8/2015,,56,0,0,0,141,183,117,200,180,103,139
6/9/2015,,43,0,0,0,166,200,144,190,180,81,107
6/10/2015,,43,0,0,0,204,272,156,190,180,72,98
6/11/2015,,47,0,0,0,221,300,156,280,280,112,161
6/12/2015,,24,46,0,0,217,267,150,330,340,67,81
6/13/2015,,42,3,0,0,206,294,150,360,360,94,116
6/14/2015,,27,0,0,0,199,256,133,200,170,72,94
6/15/2015,,23,36,0,0,143,161,122,200,200,67,89
6/16/2015,,12,28,0,0,141,161,128,240,,27,
6/17/2015,,26,0,0,0,181,239,117,360,10,72,94
6/18/2015,,34,0,0,0,162,222,100,180,180,94,116
6/19/2015,,37,28,0,0,194,267,139,350,320,81,112
6/20/2015,,36,0,0,0,166,206,94,150,160,76,98
6/21/2015,,26,356,0,0,167,222,144,350,180,63,76
6/22/2015,,22,30,0,0,181,222,150,190,180,63,85
6/23/2015,,25,211,0,0,164,194,144,80,310,76,98
6/24/2015,,27,0,0,0,209,278,133,310,340,72,107
6/25/2015,,26,0,0,0,199,256,133,170,160,67,81
6/26/2015,,21,3,0,0,175,194,117,90,110,58,67
6/27/2015,,21,0,0,0,157,211,94,80,170,54,67
6/28/2015,,61,401,0,0,139,150,111,60,60,116,161
6/29/2015,,24,0,0,0,145,206,106,160,160,67,81
6/30/2015,,19,0,0,0,196,239,167,180,180,58,72
7/1/2015,,23,66,0,0,174,200,156,180,180,67,98
7/2/2015,,42,0,0,0,204,256,144,290,250,98,130
7/3/2015,,22,0,0,0,198,267,122,150,230,63,89
7/4/2015,,14,0,0,0,174,217,117,160,160,40,54
7/5/2015,,18,0,0,0,198,278,128,180,220,54,76
7/6/2015,,22,0,0,0,218,278,156,180,200,67,89
7/7/2015,,31,10,0,0,202,244,144,190,190,89,112
7/8/2015,,31,0,0,0,234,289,167,10,10,67,85
7/9/2015,,18,0,0,0,187,222,144,170,150,40,54
7/10/2015,,36,0,0,0,213,289,161,10,320,76,103
7/11/2015,,34,0,0,0,227,306,156,300,320,67,94
7/12/2015,,28,0,0,0,251,322,178,280,260,67,85
7/13/2015,,20,0,0,0,232,256,156,40,120,54,63
7/14/2015,,22,3,0,0,193,244,156,180,160,72,94
7/15/2015,,40,3,0,0,217,278,167,350,340,89,107
7/16/2015,,31,0,0,0,183,244,128,350,350,76,103
7/17/2015,,19,0,0,0,178,233,106,150,150,58,67
7/18/2015,,31,25,0,0,184,211,172,190,170,67,94
7/19/2015,,21,157,0,0,213,272,178,30,30,58,76
7/20/2015,,19,0,0,0,219,289,167,90,160,54,72
7/21/2015,,27,3,0,0,185,211,156,360,90,54,63
7/22/2015,,32,0,0,0,204,278,139,310,290,81,107
7/23/2015,,21,0,0,0,197,256,139,300,150,54,63
7/24/2015,,29,0,0,0,192,244,128,280,280,67,85
7/25/2015,,28,0,0,0,168,194,150,90,100,58,72
7/26/2015,,24,28,0,0,168,194,150,170,190,63,89
7/27/2015,,20,0,0,0,198,250,172,170,130,54,89
7/28/2015,,20,5,0,0,214,283,167,150,140,63,67
7/29/2015,,18,0,0,0,237,311,172,100,100,103,121
7/30/2015,,26,20,0,0,235,300,189,210,190,76,112
7/31/2015,,37,0,0,0,248,300,200,290,250,98,125
8/1/2015,,31,0,0,0,233,300,156,280,270,89,112
8/2/2015,,32,0,0,0,219,272,161,180,160,72,103
8/3/2015,,38,38,0,0,223,272,178,180,160,98,143
8/4/2015,,22,13,0,0,210,267,156,320,330,157,192
8/5/2015,,34,0,0,0,206,278,139,280,250,98,139
8/6/2015,,38,0,0,0,204,267,133,320,290,89,130
8/7/2015,,18,0,0,0,188,244,117,180,180,67,81
8/8/2015,,15,0,0,0,193,267,122,150,130,58,72
8/9/2015,,26,0,0,0,194,250,150,70,60,63,94
8/10/2015,,31,0,0,0,194,250,139,180,170,72,98
8/11/2015,,47,284,0,0,188,194,178,170,130,98,148
8/12/2015,,23,0,0,0,206,267,167,160,150,72,85
8/13/2015,,22,0,0,0,202,250,144,150,140,72,89
8/14/2015,,30,0,0,0,203,267,133,190,170,81,112
8/15/2015,,18,43,0,0,226,294,161,350,10,125,192
8/16/2015,,19,0,0,0,236,294,183,150,140,54,63
8/17/2015,,20,0,0,0,246,317,183,160,,54,
8/18/2015,,20,0,0,0,244,300,189,160,150,63,76
8/19/2015,,29,0,0,0,236,283,206,180,210,72,107
8/20/2015,,30,3,0,0,214,239,194,160,160,58,72
8/21/2015,,21,150,0,0,208,228,194,160,170,45,63
8/22/2015,,27,0,0,0,219,256,178,30,20,67,89
8/23/2015,,20,89,0,0,198,211,183,50,30,45,63
8/24/2015,,14,0,0,0,211,261,189,160,160,58,72
8/25/2015,,27,13,0,0,205,239,200,130,140,58,76
8/26/2015,,24,0,0,0,221,267,178,170,170,67,85
8/27/2015,,29,0,0,0,212,261,150,270,270,76,94
8/28/2015,,25,0,0,0,189,250,128,190,190,63,89
8/29/2015,,22,0,0,0,188,239,128,200,200,63,85
8/30/2015,,13,0,0,0,211,272,156,140,160,45,58
8/31/2015,,32,0,0,0,227,300,161,270,270,89,116
9/1/2015,,27,0,0,0,216,267,161,10,190,67,85
9/2/2015,,11,0,0,0,208,289,139,180,140,45,58
9/3/2015,,19,5,0,0,231,300,178,50,60,72,94
9/4/2015,,31,0,0,0,199,222,117,20,30,72,98
9/5/2015,,22,0,0,0,171,256,94,180,160,58,76
9/6/2015,,21,0,0,0,194,278,122,190,170,63,81
9/7/2015,,37,0,0,0,241,333,156,240,250,89,103
9/8/2015,,22,0,0,0,266,317,211,290,280,72,89
9/9/2015,,26,8,0,0,235,300,183,190,200,76,107
9/10/2015,,29,0,0,0,227,256,178,30,40,58,76
9/11/2015,,46,132,0,0,186,228,133,350,10,98,130
9/12/2015,,22,0,0,0,169,233,106,150,140,58,76
9/13/2015,,45,140,0,0,159,167,150,70,70,76,98
9/14/2015,,38,8,0,0,176,228,139,280,270,81,116
9/15/2015,,32,0,0,0,204,283,139,240,280,67,89
9/16/2015,,24,0,0,0,214,294,150,180,240,54,76
9/17/2015,,14,0,0,0,213,278,150,180,200,45,54
9/18/2015,,20,0,0,0,207,283,144,180,180,76,103
9/19/2015,,31,0,0,0,192,239,139,160,140,76,98
9/20/2015,,45,3,0,0,192,222,89,340,320,89,116
9/21/2015,,18,0,0,0,139,206,67,50,60,63,76
9/22/2015,,15,0,0,0,134,183,89,90,90,54,67
9/23/2015,,14,0,0,0,148,233,72,150,150,45,58
9/24/2015,,23,0,0,0,167,233,111,20,30,63,94
9/25/2015,,21,0,0,0,132,172,83,150,30,54,67
9/26/2015,,21,0,0,0,117,172,50,30,50,63,89
9/27/2015,,27,0,0,0,105,194,17,180,190,67,89
9/28/2015,,31,0,0,0,157,233,83,180,190,72,89
9/29/2015,,34,86,0,0,192,239,172,190,190,67,98
9/30/2015,,51,1412,0,0,179,206,122,30,20,125,170
10/1/2015,,60,0,0,0,135,167,100,10,30,94,125
10/2/2015,,55,0,0,0,109,128,83,10,20,94,134
10/3/2015,,57,0,0,0,103,144,67,30,30,107,157
10/4/2015,,34,0,0,0,91,144,33,50,50,76,98
10/5/2015,,15,0,0,0,88,161,17,70,70,45,54
10/6/2015,,16,0,0,0,117,206,44,340,320,58,72
10/7/2015,,18,0,0,0,116,194,50,160,160,54,63
10/8/2015,,22,0,0,0,115,172,50,350,340,63,76
10/9/2015,,27,109,0,0,92,150,39,330,170,89,143
10/10/2015,,37,0,0,0,100,133,44,310,310,103,130
10/11/2015,,34,0,0,0,116,200,72,240,260,76,98
10/12/2015,,18,0,0,0,145,211,67,160,170,58,76
10/13/2015,,17,10,0,0,141,167,94,260,260,58,81
10/14/2015,,43,0,0,0,155,200,72,290,290,94,125
10/15/2015,,24,0,0,0,89,139,17,160,130,58,85
10/16/2015,,34,0,0,0,109,161,22,300,300,98,112
10/17/2015,,38,0,0,0,67,139,0,280,300,89,148
10/18/2015,,43,0,0,0,26,78,-27,340,340,103,148
10/19/2015,,29,10,0,0,14,89,-49,210,200,58,89
10/20/2015,,40,46,0,0,92,189,44,240,240,72,98
10/21/2015,,24,0,0,0,114,144,89,60,60,67,81
10/22/2015,,32,5,0,0,129,183,111,290,130,58,76
10/23/2015,,45,0,0,0,92,122,17,340,320,112,152
10/24/2015,,10,0,0,0,40,83,-16,330,330,40,54
10/25/2015,,41,18,0,0,109,167,72,330,320,94,121
10/26/2015,,22,0,0,0,82,122,-16,350,360,76,98
10/27/2015,,13,0,0,0,41,111,-21,180,160,40,54
10/28/2015,,47,246,0,0,46,150,-16,150,150,125,201
10/29/2015,,54,155,0,0,162,228,117,160,160,134,215
10/30/2015,,47,0,0,0,110,144,-5,290,280,125,152
10/31/2015,,18,0,0,0,38,106,-27,170,190,63,81
11/1/2015,,29,8,0,0,96,144,67,220,220,76,107
11/2/2015,,27,0,0,0,119,178,44,310,330,72,94
11/3/2015,,14,0,0,0,88,178,17,350,270,54,63
11/4/2015,,13,0,0,0,94,178,17,200,180,58,76
11/5/2015,,13,0,0,0,99,200,39,150,150,40,54
11/6/2015,,26,0,0,0,133,206,106,270,270,107,161
11/7/2015,,49,0,0,0,156,183,50,290,290,112,148
11/8/2015,,43,0,0,0,78,117,22,320,320,103,148
11/9/2015,,16,0,0,0,56,144,-27,170,160,45,54
11/10/2015,,17,0,0,0,49,117,-16,30,30,45,63
11/11/2015,,47,13,0,0,71,83,61,360,10,89,130
11/12/2015,,31,58,0,0,67,117,39,190,180,72,94
11/13/2015,,61,8,0,0,113,156,72,250,280,116,170
11/14/2015,,61,0,0,0,66,78,-5,310,310,112,148
11/15/2015,,22,0,0,0,30,117,-32,270,240,63,85
11/16/2015,,33,0,0,0,42,122,-21,350,350,94,121
11/17/2015,,25,0,0,0,26,83,-38,360,20,63,72
11/18/2015,,14,0,0,0,7,83,-66,160,150,58,67
11/19/2015,,32,0,0,0,51,117,-10,160,150,76,107
11/20/2015,,45,373,0,0,120,150,17,150,150,112,157
11/21/2015,,17,0,0,0,37,78,-21,40,30,58,72
11/22/2015,,24,38,0,0,19,56,-21,350,340,81,107
11/23/2015,,51,33,0,0,32,56,-43,330,360,103,139
11/24/2015,,17,0,0,0,-17,56,-77,280,290,67,85
11/25/2015,,13,0,0,0,2,50,-60,160,160,45,54
11/26/2015,,31,0,0,0,29,106,-43,190,190,89,134
11/27/2015,,41,0,0,0,111,161,83,220,230,81,107
11/28/2015,,29,53,0,0,91,139,-10,20,,63,
11/29/2015,,27,0,0,0,3,50,-43,350,140,63,107
11/30/2015,,22,0,0,0,-26,0,-71,160,160,45,63
12/1/2015,,12,20,0,0,-18,33,-71,230,230,40,49
12/2/2015,,16,61,0,0,39,67,22,330,220,31,45
12/3/2015,,34,51,0,0,55,72,11,280,310,103,134
12/4/2015,,18,0,0,0,30,83,-32,260,280,58,67
12/5/2015,,11,0,0,0,24,106,-38,170,100,45,63
12/6/2015,,7,0,0,0,20,106,-43,160,160,36,40
12/7/2015,,22,0,0,0,31,139,-27,310,290,72,112
12/8/2015,,31,0,0,0,21,39,-5,50,20,63,94
12/9/2015,,18,0,0,0,15,72,0,180,200,54,89
12/10/2015,,26,3,0,0,80,117,33,170,170,58,81
12/11/2015,,12,0,0,0,67,89,11,210,200,45,63
12/12/2015,,17,0,0,0,69,139,11,290,270,40,54
12/13/2015,,13,0,0,0,49,83,22,80,100,36,45
12/14/2015,,18,58,0,0,62,89,44,90,90,58,72
12/15/2015,,42,97,0,0,79,133,11,40,310,81,112
12/16/2015,,22,0,0,0,22,56,-27,350,20,58,76
12/17/2015,,25,137,0,0,34,100,-16,160,170,58,85
12/18/2015,,25,28,0,0,69,78,11,340,320,72,103
12/19/2015,,51,0,0,0,19,44,-16,280,260,125,165
12/20/2015,,37,0,0,0,1,33,-32,290,320,112,152
12/21/2015,,22,0,0,0,12,83,-32,220,200,54,67
12/22/2015,,21,206,0,0,61,94,0,310,320,67,89
12/23/2015,,26,71,0,0,28,83,-10,90,100,81,107
12/24/2015,,25,168,0,0,81,106,67,80,90,81,98
12/25/2015,,21,0,0,0,93,167,17,330,340,67,81
12/26/2015,,22,0,0,0,70,106,-5,330,340,89,116
12/27/2015,,30,117,0,0,46,61,6,320,320,89,112
12/28/2015,,51,0,0,0,-19,11,-55,340,330,125,179
12/29/2015,,55,284,178,100,-67,-49,-82,40,30,89,121
12/30/2015,,25,18,8,150,-61,-21,-77,10,360,63,76
12/31/2015,,22,38,0,130,1,67,-21,250,,36,
1/1/2016,,33,3,8,100,21,50,-10,310,320,81,112
1/2/2016,,42,0,0,100,6,28,-16,270,260,81,107
1/3/2016,,38,0,0,100,14,44,-32,260,240,76,103
1/4/2016,,57,0,0,80,-36,-5,-132,350,360,94,125
1/5/2016,,32,0,0,80,-104,-32,-155,340,340,89,107
1/6/2016,,21,0,0,80,-47,50,-110,220,250,40,58
1/7/2016,,10,0,0,80,-24,39,-110,30,40,31,36
1/8/2016,,31,0,0,80,-27,39,-82,70,90,72,89
1/9/2016,,22,18,5,80,11,22,-10,50,60,63,76
1/10/2016,,62,518,0,80,47,111,11,140,160,161,219
1/11/2016,,64,0,0,0,36,83,-49,270,240,116,161
1/12/2016,,30,145,155,0,-38,28,-71,280,280,125,152
1/13/2016,,65,3,15,130,-34,-27,-88,290,300,139,197
1/14/2016,,35,0,0,100,-67,-21,-93,270,260,67,85
1/15/2016,,13,0,0,100,-56,-10,-121,240,230,40,54
1/16/2016,,33,140,89,100,-21,-5,-32,350,360,81,107
1/17/2016,,23,0,0,180,-14,0,-38,340,340,45,54
1/18/2016,,47,28,64,150,-39,-27,-88,270,290,103,125
1/19/2016,,54,0,0,200,-87,-77,-110,290,310,130,165
1/20/2016,,52,0,0,180,-66,-21,-93,320,310,112,174
1/21/2016,,33,0,0,180,-77,-27,-166,310,340,103,139
1/22/2016,,38,0,0,180,-83,-10,-171,340,300,89,112
1/23/2016,,50,0,0,180,-77,-66,-99,360,360,89,116
1/24/2016,,45,0,0,150,-57,17,-93,360,360,116,157
1/25/2016,,19,0,0,150,-23,11,-82,150,150,40,54
1/26/2016,,34,0,0,150,20,83,-21,190,190,76,116
1/27/2016,,38,0,0,100,53,78,-49,260,280,89,121
1/28/2016,,21,0,0,100,-24,28,-88,170,190,72,98
1/29/2016,,17,0,0,100,4,17,-16,330,320,45,58
1/30/2016,,26,3,0,80,10,44,-32,180,320,58,85
1/31/2016,,26,0,0,80,42,106,11,210,210,67,94
2/1/2016,,39,0,0,50,72,150,-5,240,250,116,170
2/2/2016,,22,0,0,0,29,89,-38,60,290,58,72
2/3/2016,,40,201,0,0,27,100,-5,200,190,98,139
2/4/2016,,22,0,0,0,75,128,33,260,270,67,89
2/5/2016,,50,135,224,0,18,56,-66,340,340,107,134
2/6/2016,,31,0,0,150,-43,17,-116,210,200,63,89
2/7/2016,,33,0,0,100,4,67,-60,50,50,81,112
2/8/2016,,70,61,112,100,-54,-21,-88,10,340,107,139
2/9/2016,,27,15,20,150,-63,-32,-105,20,20,81,98
2/10/2016,,20,0,0,150,-46,11,-105,160,250,45,63
2/11/2016,,31,28,43,130,-34,-10,-149,300,320,81,112
2/12/2016,,28,0,0,150,-122,-60,-188,290,290,76,103
2/13/2016,,52,0,0,150,-107,-55,-227,290,290,112,143
2/14/2016,,49,0,0,130,-182,-110,-232,320,340,94,125
2/15/2016,,22,36,48,130,-151,-55,-232,160,150,45,58
2/16/2016,,51,211,43,180,-12,100,-71,150,140,143,201
2/17/2016,,29,0,0,30,49,83,-10,260,260,72,103
2/18/2016,,54,0,0,0,-8,6,-60,350,350,81,103
2/19/2016,,31,0,0,0,-38,22,-99,240,200,76,89
2/20/2016,,49,36,8,0,45,117,-16,180,190,81,121
2/21/2016,,40,0,0,0,78,111,-16,290,270,89,134
2/22/2016,,31,0,0,0,1,33,-55,30,10,54,85
2/23/2016,,36,0,0,0,-39,17,-88,70,40,63,85
2/24/2016,,37,213,23,30,1,17,-16,30,30,63,76
2/25/2016,,64,124,0,0,72,117,17,180,170,107,165
2/26/2016,,64,0,0,0,26,50,-82,290,280,103,134
2/27/2016,,38,0,0,0,-53,17,-105,190,200,76,112
2/28/2016,,38,0,0,0,43,100,-5,270,220,72,98
3/1/2016,,38,0,0,0,22,61,-27,300,300,125,165
3/2/2016,,66,234,5,0,34,94,-71,280,270,130,161
3/3/2016,,45,0,0,0,-59,-16,-105,360,310,89,125
3/4/2016,,41,0,0,0,-67,-32,-99,350,50,67,94
3/5/2016,,42,0,0,0,-32,22,-71,360,360,94,125
3/6/2016,,22,0,0,0,-7,39,-43,160,130,63,81
3/7/2016,,27,15,8,0,2,44,-27,220,210,76,139
3/8/2016,,20,0,0,0,21,89,-38,190,180,67,89
3/9/2016,,35,0,0,0,87,189,44,230,230,58,85
3/10/2016,,30,180,0,0,140,189,50,90,260,76,98
3/11/2016,,34,33,0,0,68,128,17,340,340,76,98
3/12/2016,,35,0,0,0,39,94,-27,180,200,98,125
3/13/2016,,54,0,0,0,100,156,39,320,350,112,143
3/14/2016,,49,8,0,0,32,44,-10,100,90,81,107
3/15/2016,,56,208,0,0,41,56,33,60,70,89,121
3/16/2016,,43,20,0,0,68,117,39,60,20,89,107
3/17/2016,,27,41,0,0,82,128,33,300,300,81,125
3/18/2016,,48,3,0,0,66,111,-5,310,310,103,130
3/19/2016,,41,0,0,0,2,56,-49,350,10,72,98
3/20/2016,,26,0,0,0,-22,17,-66,160,150,58,81
3/21/2016,,43,79,160,80,-7,44,-32,310,280,81,103
3/22/2016,,51,0,0,50,18,78,-27,290,300,107,139
3/23/2016,,36,0,0,0,66,111,28,350,350,76,98
3/24/2016,,52,15,8,0,8,28,-21,70,80,72,103
3/25/2016,,26,41,0,0,-12,22,-32,40,30,58,72
3/26/2016,,30,0,0,0,22,56,0,90,40,58,76
3/27/2016,,17,0,0,0,24,61,-5,140,150,67,85
3/28/2016,,32,234,0,0,31,61,6,70,60,67,89
3/29/2016,,72,0,0,0,56,83,11,320,340,143,192
3/30/2016,,37,0,0,0,36,94,-43,180,190,89,125
3/31/2016,,46,0,0,0,112,222,67,230,220,107,157
4/1/2016,,47,18,0,0,132,178,106,180,170,103,134
4/2/2016,,26,13,0,0,98,117,28,190,200,63,85
4/3/2016,,72,5,5,0,17,33,-66,310,280,165,219
4/4/2016,,19,15,28,0,-55,-38,-82,360,10,54,67
4/5/2016,,47,0,0,30,-28,28,-71,340,310,94,134
4/6/2016,,37,5,5,0,-14,44,-82,190,200,89,116
4/7/2016,,68,122,0,0,65,100,44,150,160,139,201
4/8/2016,,51,0,0,0,89,128,17,240,230,103,143
4/9/2016,,42,0,0,0,30,83,-32,340,360,107,139
4/10/2016,,43,0,0,0,22,83,-27,330,340,98,125
4/11/2016,,40,3,0,0,49,100,0,180,160,89,121
4/12/2016,,35,64,0,0,93,111,0,300,310,94,116
4/13/2016,,28,0,0,0,52,122,-21,360,340,72,98
4/14/2016,,42,0,0,0,63,133,17,30,40,81,148
4/15/2016,,56,0,0,0,73,150,17,350,30,103,174
4/16/2016,,36,0,0,0,83,156,17,30,40,81,143
4/17/2016,,22,0,0,0,72,156,-10,180,160,63,76
4/18/2016,,25,8,0,0,97,183,22,140,110,58,72
4/19/2016,,29,41,0,0,80,139,50,340,350,89,116
4/20/2016,,44,0,0,0,90,150,28,360,340,98,125
4/21/2016,,25,0,0,0,103,200,0,160,150,67,85
4/22/2016,,13,0,0,0,127,200,67,150,150,58,72
4/23/2016,,48,3,0,0,133,178,61,330,330,112,130
4/24/2016,,41,0,0,0,85,139,6,350,340,94,161
4/25/2016,,37,0,0,0,77,167,-21,170,190,81,139
4/26/2016,,28,102,56,0,40,72,-10,50,,63,
4/27/2016,,34,0,0,30,46,133,-27,280,290,94,125
4/28/2016,,29,0,0,0,54,94,-16,180,150,72,89
4/29/2016,,33,0,0,0,46,94,6,160,160,67,89
4/30/2016,,24,0,0,0,67,128,-10,170,190,72,98
5/1/2016,,24,5,0,0,73,111,33,190,170,67,94
5/2/2016,,42,239,0,0,69,78,61,70,70,72,89
5/3/2016,,17,0,0,0,78,111,50,10,360,63,76
5/4/2016,,35,71,0,0,73,100,44,60,60,72,98
5/5/2016,,52,61,0,0,72,89,61,20,20,76,98
5/6/2016,,33,10,0,0,104,161,72,20,360,72,107
5/7/2016,,34,0,0,0,86,94,72,90,90,67,81
5/8/2016,,39,8,0,0,87,133,50,300,300,130,165
5/9/2016,,55,0,0,0,86,139,33,290,280,125,170
5/10/2016,,22,0,0,0,110,194,17,160,280,72,94
5/11/2016,,34,0,0,0,137,228,44,190,360,89,116
5/12/2016,,32,0,0,0,144,206,50,180,200,76,107
5/13/2016,,23,48,0,0,125,167,78,160,150,72,89
5/14/2016,,34,3,0,0,162,233,111,180,170,94,121
5/15/2016,,60,3,0,0,129,144,61,290,270,125,170
5/16/2016,,76,0,0,0,76,111,44,290,300,143,192
5/17/2016,,46,0,0,0,124,206,44,300,310,103,130
5/18/2016,,30,0,0,0,129,167,72,160,170,67,89
5/19/2016,,22,0,0,0,123,189,67,150,150,63,85
5/20/2016,,27,0,0,0,153,233,78,180,,58,
5/21/2016,,39,0,0,0,170,244,94,190,200,107,143
5/22/2016,,20,0,0,0,149,183,100,90,90,67,76
5/23/2016,,26,0,0,0,160,244,78,150,140,67,89
5/24/2016,,29,18,0,0,125,156,106,90,30,67,89
5/25/2016,,22,3,0,0,132,183,106,160,180,58,72
5/26/2016,,28,0,0,0,181,261,122,160,160,63,76
5/27/2016,,33,28,0,0,137,150,111,90,90,67,85
5/28/2016,,26,0,0,0,188,306,111,90,90,72,89
5/29/2016,,43,0,0,0,139,150,106,100,80,72,89
5/30/2016,,17,23,0,0,133,200,106,160,180,54,67
5/31/2016,,34,0,0,0,227,306,161,270,240,81,103
6/1/2016,,30,0,0,0,194,239,117,120,10,67,85
6/2/2016,,36,0,0,0,142,172,106,110,110,63,94
6/3/2016,,25,0,0,0,137,161,122,150,150,58,72
6/4/2016,,20,5,0,0,163,228,133,160,180,58,63
6/5/2016,,34,617,0,0,138,144,128,80,100,89,116
6/6/2016,,28,3,0,0,175,278,133,260,220,72,107
6/7/2016,,16,46,0,0,183,228,117,100,100,63,76
6/8/2016,,55,3,0,0,185,233,117,320,310,107,139
6/9/2016,,66,0,0,0,143,189,100,320,320,148,183
6/10/2016,,38,0,0,0,150,211,100,320,360,76,112
6/11/2016,,19,5,0,0,138,178,78,160,150,58,72
6/12/2016,,49,0,0,0,158,239,106,290,330,134,179
6/13/2016,,62,3,0,0,152,217,111,320,300,125,170
6/14/2016,,64,0,0,0,171,239,133,310,300,112,161
6/15/2016,,46,0,0,0,212,272,128,350,350,98,130
6/16/2016,,21,0,0,0,192,278,100,140,20,72,98
6/17/2016,,19,0,0,0,176,239,94,170,200,72,94
6/18/2016,,29,0,0,0,172,222,111,170,150,58,76
6/19/2016,,45,0,0,0,170,228,117,180,200,98,125
6/20/2016,,42,0,0,0,186,233,144,180,200,81,121
6/21/2016,,42,0,0,0,224,294,150,290,300,98,134
6/22/2016,,24,23,0,0,184,239,117,310,250,81,112
6/23/2016,,31,0,0,0,178,244,100,190,190,89,116
6/24/2016,,26,0,0,0,186,244,117,180,180,67,89
6/25/2016,,22,0,0,0,181,250,100,160,150,76,107
6/26/2016,,23,0,0,0,186,250,111,180,170,72,103
6/27/2016,,41,3,0,0,202,278,139,190,190,94,130
6/28/2016,,41,185,0,0,199,222,172,190,190,67,98
6/29/2016,,20,231,0,0,192,222,167,350,350,98,139
6/30/2016,,29,0,0,0,208,278,144,180,330,72,134
7/1/2016,,33,18,0,0,204,261,144,180,180,81,121
7/2/2016,,50,0,0,0,207,256,128,300,300,107,130
7/3/2016,,41,0,0,0,201,278,122,300,280,94,134
7/4/2016,,33,0,0,0,224,300,139,260,210,76,107
7/5/2016,,24,0,0,0,217,272,156,180,180,72,94
7/6/2016,,28,0,0,0,232,311,161,80,80,67,81
7/7/2016,,30,3,0,0,183,206,156,60,50,63,76
7/8/2016,,38,0,0,0,174,206,144,50,50,63,76
7/9/2016,,42,91,0,0,146,150,133,80,90,67,85
7/10/2016,,26,56,0,0,148,172,133,110,100,54,67
7/11/2016,,27,0,0,0,198,272,150,10,340,72,98
7/12/2016,,23,0,0,0,218,300,139,190,150,58,72
7/13/2016,,29,0,0,0,221,278,150,180,150,67,94
7/14/2016,,44,109,0,0,227,261,194,180,200,94,130
7/15/2016,,31,0,0,0,259,328,206,270,250,81,103
7/16/2016,,34,0,0,0,255,306,206,280,290,76,103
7/17/2016,,25,48,0,0,221,256,178,280,280,81,98
7/18/2016,,26,0,0,0,222,294,178,230,220,89,112
7/19/2016,,38,0,0,0,224,261,144,310,310,98,134
7/20/2016,,46,0,0,0,206,278,128,300,290,98,125
7/21/2016,,25,0,0,0,217,289,128,160,150,63,85
7/22/2016,,40,0,0,0,258,350,189,310,330,130,183
7/23/2016,,29,3,0,0,247,317,194,340,340,206,233
7/24/2016,,26,0,0,0,227,289,178,350,350,63,76
7/25/2016,,21,94,0,0,222,289,161,160,160,58,89
7/26/2016,,31,0,0,0,251,322,189,330,330,76,112
7/27/2016,,29,0,0,0,244,294,178,200,200,67,85
7/28/2016,,17,0,0,0,240,306,178,200,210,63,94
7/29/2016,,19,0,0,0,236,278,189,50,50,54,72
7/30/2016,,26,0,0,0,228,289,178,330,330,63,85
7/31/2016,,15,10,0,0,204,217,183,320,30,40,49
8/1/2016,,14,15,0,0,200,217,183,80,90,40,49
8/2/2016,,19,0,0,0,208,250,150,80,90,63,76
8/3/2016,,25,0,0,0,206,289,128,180,190,72,94
8/4/2016,,34,0,0,0,218,283,150,180,180,89,125
8/5/2016,,40,0,0,0,220,278,167,190,170,103,143
8/6/2016,,42,0,0,0,250,344,200,250,260,98,143
8/7/2016,,42,0,0,0,244,306,167,320,290,98,134
8/8/2016,,31,0,0,0,227,306,133,290,270,103,134
8/9/2016,,22,0,0,0,202,261,128,150,150,67,85
8/10/2016,,16,25,0,0,185,211,139,190,180,54,72
8/11/2016,,20,0,0,0,246,322,189,160,170,67,94
8/12/2016,,35,86,0,0,272,372,189,350,360,130,157
8/13/2016,,30,51,0,0,188,200,167,90,100,63,76
8/14/2016,,33,0,0,0,232,344,172,260,270,89,130
8/15/2016,,29,0,0,0,260,300,183,350,320,76,103
8/16/2016,,23,114,0,0,211,261,156,90,90,58,67
8/17/2016,,49,0,0,0,240,289,172,310,330,130,192
8/18/2016,,22,0,0,0,228,311,150,290,290,72,98
8/19/2016,,29,0,0,0,238,300,178,330,360,67,112
8/20/2016,,30,0,0,0,208,256,150,150,140,76,94
8/21/2016,,33,3,0,0,212,250,167,130,120,72,98
8/22/2016,,43,175,0,0,216,256,139,350,350,94,121
8/23/2016,,30,0,0,0,193,267,117,260,280,58,85
8/24/2016,,26,0,0,0,217,300,144,190,160,67,89
8/25/2016,,32,0,0,0,229,272,189,190,190,76,107
8/26/2016,,29,13,0,0,244,311,183,310,320,58,76
8/27/2016,,22,0,0,0,236,306,167,320,350,67,85
8/28/2016,,30,0,0,0,207,261,150,170,190,72,103
8/29/2016,,47,0,0,0,233,300,161,340,310,112,157
8/30/2016,,28,0,0,0,201,267,122,180,170,72,94
8/31/2016,,18,0,0,0,208,278,156,290,260,63,85
9/1/2016,,25,0,0,0,221,272,183,340,330,63,85
9/2/2016,,29,0,0,0,206,250,139,360,360,63,85
9/3/2016,,17,0,0,0,179,250,117,320,20,54,72
9/4/2016,,16,0,0,0,171,239,106,100,90,54,63
9/5/2016,,29,0,0,0,165,233,106,100,90,76,89
9/6/2016,,27,5,0,0,187,217,167,10,360,63,98
9/7/2016,,19,13,0,0,188,217,172,80,90,40,49
9/8/2016,,22,0,0,0,203,244,183,80,80,58,63
9/9/2016,,15,0,0,0,238,328,167,320,320,67,89
9/10/2016,,21,0,0,0,209,272,144,140,140,63,76
9/11/2016,,40,41,0,0,214,267,117,270,280,125,170
9/12/2016,,23,0,0,0,160,239,67,190,200,67,85
9/13/2016,,25,0,0,0,177,267,89,180,170,72,103
9/14/2016,,49,0,0,0,212,300,133,340,340,116,152
9/15/2016,,25,0,0,0,156,206,89,170,170,54,76
9/16/2016,,36,0,0,0,138,211,67,170,190,81,116
9/17/2016,,38,0,0,0,165,211,117,170,170,81,116
9/18/2016,,26,28,0,0,197,250,172,230,230,63,85
9/19/2016,,13,58,0,0,203,228,183,330,330,40,54
9/20/2016,,22,0,0,0,198,244,178,170,170,67,94
9/21/2016,,26,0,0,0,217,283,150,360,360,63,81
9/22/2016,,25,0,0,0,199,267,133,160,200,67,85
9/23/2016,,35,13,0,0,186,233,94,10,40,81,103
9/24/2016,,36,0,0,0,134,194,61,340,360,98,134
9/25/2016,,49,0,0,0,120,178,56,340,350,103,134
9/26/2016,,30,0,0,0,108,183,39,160,170,67,89
9/27/2016,,19,61,0,0,154,217,122,70,70,67,94
9/28/2016,,41,0,0,0,136,167,117,20,30,72,89
9/29/2016,,35,0,0,0,129,178,72,40,40,81,116
9/30/2016,,30,0,0,0,107,156,67,100,100,67,81
10/1/2016,,31,84,0,0,123,150,100,30,30,63,81
10/2/2016,,21,5,0,0,114,150,94,30,10,54,67
10/3/2016,,35,0,0,0,147,211,111,100,100,76,103
10/4/2016,,28,0,0,0,129,150,56,80,90,58,72
10/5/2016,,13,0,0,0,100,172,22,90,130,45,58
10/6/2016,,16,0,0,0,116,217,39,190,200,58,72
10/7/2016,,17,0,0,0,143,233,67,160,200,45,63
10/8/2016,,20,0,0,0,131,183,83,160,180,63,81
10/9/2016,,36,206,0,0,129,161,83,10,360,98,121
10/10/2016,,58,0,0,0,100,144,39,360,360,125,170
10/11/2016,,21,0,0,0,84,172,6,180,160,58,72
10/12/2016,,18,0,0,0,101,167,28,160,170,63,76
10/13/2016,,34,5,0,0,127,178,67,300,310,76,103
10/14/2016,,37,0,0,0,103,144,28,350,350,81,112
10/15/2016,,14,0,0,0,58,117,-10,120,150,45,58
10/16/2016,,24,3,0,0,91,189,6,230,240,63,81
10/17/2016,,24,0,0,0,166,233,94,50,150,67,85
10/18/2016,,25,0,0,0,122,133,100,90,40,58,76
10/19/2016,,27,3,0,0,176,256,94,320,320,94,116
10/20/2016,,31,0,0,0,116,156,44,100,100,76,94
10/21/2016,,30,968,0,0,145,183,128,330,130,81,116
10/22/2016,,31,117,0,0,161,178,61,260,260,89,116
10/23/2016,,67,0,0,0,78,106,50,280,270,130,170
10/24/2016,,51,0,0,0,85,139,50,290,280,112,139
10/25/2016,,47,0,0,0,57,89,0,320,320,98,130
10/26/2016,,45,0,0,0,41,94,-5,330,360,81,112
10/27/2016,,27,91,0,0,39,89,-10,120,130,67,85
10/28/2016,,80,569,0,0,77,100,44,60,90,130,179
10/29/2016,,18,61,0,0,53,78,28,340,330,63,85
10/30/2016,,28,13,0,0,87,139,50,270,320,58,76
10/31/2016,,40,0,0,0,62,100,-5,330,340,81,107
11/1/2016,,21,0,0,0,26,100,-32,160,150,58,76
11/2/2016,,7,0,0,0,95,161,56,290,220,40,58
11/3/2016,,29,203,0,0,86,111,50,340,360,72,89
11/4/2016,,36,0,0,0,83,128,-21,330,310,81,112
11/5/2016,,17,0,0,0,31,111,-38,240,250,54,67
11/6/2016,,38,0,0,0,66,94,22,360,350,116,148
11/7/2016,,26,0,0,0,44,94,-10,350,350,67,94
11/8/2016,,11,0,0,0,52,161,-21,170,150,36,45
11/9/2016,,31,0,0,0,79,161,28,360,350,89,125
11/10/2016,,28,0,0,0,45,94,-32,220,180,63,89
11/11/2016,,75,0,0,0,78,128,22,310,310,161,201
11/12/2016,,37,0,0,0,36,83,-27,320,310,94,134
11/13/2016,,23,0,0,0,84,144,17,260,290,63,81
11/14/2016,,12,0,0,0,72,167,-10,100,100,54,58
11/15/2016,,40,279,0,0,68,117,33,50,50,94,121
11/16/2016,,32,46,0,0,114,128,78,130,130,72,103
11/17/2016,,34,0,0,0,104,156,56,330,320,67,94
11/18/2016,,33,0,0,0,91,172,33,340,340,72,89
11/19/2016,,25,3,0,0,87,139,44,20,30,54,67
11/20/2016,,49,86,5,0,78,100,0,180,210,94,134
11/21/2016,,52,10,8,0,8,22,-16,280,260,94,130
11/22/2016,,48,0,0,0,8,56,-21,280,300,98,125
11/23/2016,,53,0,0,0,14,67,-27,330,330,112,143
11/24/2016,,21,3,0,0,1,28,-27,30,20,40,54
11/25/2016,,21,38,0,0,18,33,6,280,280,40,49
11/26/2016,,22,8,0,0,32,83,6,330,330,54,72
11/27/2016,,38,0,0,0,38,50,-21,330,320,72,94
11/28/2016,,29,0,0,0,9,61,-43,300,320,67,94
11/29/2016,,21,307,0,0,4,100,-49,320,140,58,85
11/30/2016,,31,48,0,0,43,56,11,60,40,67,89
12/1/2016,,56,284,0,0,75,111,50,90,80,116,152
12/2/2016,,39,0,0,0,61,100,6,270,260,89,112
12/3/2016,,49,0,0,0,41,78,6,350,350,103,148
12/4/2016,,40,0,0,0,18,50,-43,330,320,81,121
12/5/2016,,21,41,51,0,-29,-10,-66,30,30,40,54
12/6/2016,,17,0,0,50,-22,39,-88,310,330,45,63
12/7/2016,,16,8,3,30,-9,17,-21,350,360,40,49
12/8/2016,,25,0,0,0,8,56,-32,270,280,67,85
12/9/2016,,55,0,0,0,-8,6,-60,290,300,103,148
12/10/2016,,31,0,0,0,-61,-27,-116,340,360,81,112
12/11/2016,,15,0,0,0,-78,-5,-132,270,260,54,63
12/12/2016,,22,165,102,80,-24,6,-60,10,320,72,89
12/13/2016,,19,0,0,100,-16,22,-49,230,220,67,98
12/14/2016,,34,3,0,80,6,39,-55,280,270,94,112
12/15/2016,,58,0,0,80,-57,-32,-166,300,290,139,192
12/16/2016,,47,0,0,80,-155,-127,-193,290,300,143,183
12/17/2016,,20,135,112,80,-113,-60,-160,310,330,58,72
12/18/2016,,35,124,0,180,-7,94,-60,280,290,112,134
12/19/2016,,28,0,0,100,-57,-21,-149,310,310,81,130
12/20/2016,,23,0,0,100,-106,-10,-166,210,200,63,81
12/21/2016,,40,0,0,100,-4,50,-49,270,280,72,94
12/22/2016,,23,20,13,80,-1,6,-27,290,210,54,72
12/23/2016,,30,0,0,100,4,50,-43,240,250,63,85
12/24/2016,,34,36,0,80,18,44,6,200,190,72,98
12/25/2016,,45,0,0,50,16,44,-71,330,340,112,157
12/26/2016,,22,5,0,50,-60,39,-99,210,210,76,112
12/27/2016,,41,30,0,50,61,117,-10,260,250,112,174
12/28/2016,,32,0,0,0,16,39,-27,300,290,76,98
12/29/2016,,36,404,114,0,-31,39,-49,290,290,103,143
12/30/2016,,57,64,81,150,10,28,-66,290,280,103,134
12/31/2016,,32,30,3,130,-41,22,-110,200,200,76,103
1/1/2017,,38,13,0,100,23,50,-55,280,260,81,112
1/2/2017,,5,0,0,80,-24,33,-88,240,210,31,36
1/3/2017,,49,257,0,80,1,44,-32,80,100,103,152
1/4/2017,,48,30,0,50,29,72,0,260,270,94,148
1/5/2017,,57,0,0,50,-7,6,-38,280,280,112,161
1/6/2017,,27,0,0,30,-34,-10,-77,260,270,63,72
1/7/2017,,31,23,28,30,-79,-66,-116,350,10,76,94
1/8/2017,,46,3,3,50,-92,-60,-127,340,340,81,103
1/9/2017,,17,0,0,50,-118,-82,-171,270,280,54,63
1/10/2017,,26,51,0,30,-91,56,-143,180,180,107,170
1/11/2017,,51,58,0,0,75,122,17,190,200,116,179
1/12/2017,,21,28,0,0,71,100,39,200,190,45,63
1/13/2017,,58,0,0,0,62,111,-82,320,330,125,170
1/14/2017,,21,0,0,0,-76,-38,-121,350,340,58,67
1/15/2017,,24,0,0,0,-41,11,-99,340,320,58,76
1/16/2017,,23,0,0,0,-41,39,-105,220,220,67,94
1/17/2017,,26,5,5,0,-7,44,-71,100,100,72,89
1/18/2017,,43,104,112,80,-13,6,-38,40,60,67,94
1/19/2017,,14,8,13,130,-12,44,-38,350,320,40,49
1/20/2017,,10,0,0,80,10,44,-55,300,310,36,45
1/21/2017,,8,0,0,50,33,72,22,200,230,36,45
1/22/2017,,38,0,0,30,27,33,6,40,50,89,125
1/23/2017,,70,0,0,0,1,6,-10,40,40,103,134
1/24/2017,,71,345,20,30,-7,11,-16,30,40,116,157
1/25/2017,,36,3,0,30,22,56,-21,340,330,76,107
1/26/2017,,34,0,0,30,26,83,-21,270,270,89,121
1/27/2017,,62,0,0,0,34,61,11,280,290,116,161
1/28/2017,,50,0,0,0,17,44,-10,290,280,125,148
1/29/2017,,35,0,0,0,4,56,-32,280,280,98,125
1/30/2017,,30,0,0,0,-19,17,-71,310,320,63,81
1/31/2017,,17,0,0,0,-64,-38,-110,350,340,58,67
2/1/2017,,22,8,10,0,-43,11,-66,280,270,58,72
2/2/2017,,35,0,0,0,-16,33,-60,280,280,112,152
2/3/2017,,35,0,0,0,-41,6,-93,260,230,81,116
2/4/2017,,42,0,0,0,-54,-10,-99,280,270,98,139
2/5/2017,,35,0,0,0,-21,39,-55,220,230,81,107
2/6/2017,,51,0,0,0,-11,6,-49,290,300,112,165
2/7/2017,,48,145,104,30,-64,-38,-88,30,40,76,98
2/8/2017,,34,33,5,100,-30,100,-93,300,290,130,161
2/9/2017,,70,109,191,50,-36,0,-121,320,340,139,174
2/10/2017,,39,0,0,180,-121,-99,-160,320,310,130,170
2/11/2017,,50,53,152,230,-123,-93,-138,360,360,81,107
2/12/2017,,47,287,239,230,-83,-49,-93,50,50,76,121
2/13/2017,,87,112,170,510,-49,-27,-66,320,340,134,188
2/14/2017,,16,0,0,460,-51,-10,-121,320,320,63,81
2/15/2017,,34,234,43,410,-39,39,-88,80,90,107,148
2/16/2017,,43,69,94,430,-13,17,-55,20,20,89,143
2/17/2017,,34,0,0,380,-33,33,-110,310,330,76,103
2/18/2017,,25,0,0,380,-20,50,-93,180,180,63,107
2/19/2017,,28,0,0,330,59,128,-21,320,320,81,112
2/20/2017,,54,0,0,250,35,56,-38,350,350,94,143
2/21/2017,,23,0,0,250,-18,28,-93,160,140,58,67
2/22/2017,,12,0,0,230,37,94,-21,170,,31,
2/23/2017,,18,0,0,200,24,106,-32,150,180,58,81
2/24/2017,,16,8,0,180,80,117,28,150,220,40,58
2/25/2017,,28,64,0,100,62,100,17,260,160,72,103
2/26/2017,,54,36,0,50,48,78,-38,300,310,116,152
2/27/2017,,43,0,0,50,19,111,-38,270,270,107,148
2/28/2017,,19,0,0,30,44,78,0,120,130,54,89
3/1/2017,,21,20,0,0,61,89,44,200,190,63,94
3/2/2017,,72,0,0,0,61,122,-49,280,290,161,206
3/3/2017,,47,0,0,0,-41,6,-88,310,320,94,112
3/4/2017,,74,0,0,0,-99,-82,-138,310,350,134,192
3/5/2017,,75,0,0,0,-89,-5,-132,310,330,116,174
3/6/2017,,21,0,0,0,-54,44,-149,320,300,54,67
3/7/2017,,21,15,0,0,7,44,-38,170,170,45,103
3/8/2017,,29,38,0,0,59,122,11,300,290,103,134
3/9/2017,,60,0,0,0,43,61,-16,280,290,165,215
3/10/2017,,31,13,30,30,-18,-5,-82,340,340,98,148
3/11/2017,,76,0,0,30,-110,-82,-160,290,290,130,174
3/12/2017,,41,0,0,0,-118,-38,-171,290,300,94,130
3/13/2017,,22,0,0,0,-82,0,-143,150,160,63,85
3/14/2017,,74,363,414,0,-39,-16,-66,30,40,179,264
3/15/2017,,57,3,3,300,-30,-5,-66,290,280,98,130
3/16/2017,,46,0,0,280,-44,-5,-93,280,330,98,121
3/17/2017,,18,0,0,280,-49,22,-127,350,330,72,112
3/18/2017,,23,0,0,250,-38,0,-116,170,140,58,76
3/19/2017,,44,0,0,230,-6,44,-32,60,80,94,130
3/20/2017,,43,0,0,200,34,100,-10,340,30,98,125
3/21/2017,,23,0,0,180,38,83,-10,160,180,63,81
3/22/2017,,72,3,0,180,-13,11,-88,340,340,148,201
3/23/2017,,49,0,0,180,-57,11,-99,330,330,116,174
3/24/2017,,28,71,15,130,-17,22,-55,210,220,98,134
3/25/2017,,28,0,0,130,25,56,-16,350,360,58,72
3/26/2017,,28,0,0,100,-2,17,-55,60,50,67,85
3/27/2017,,41,191,0,100,16,28,6,70,60,81,112
3/28/2017,,18,64,0,100,12,22,0,60,70,54,72
3/29/2017,,51,18,0,50,34,78,11,330,330,98,139
3/30/2017,,48,0,0,50,43,94,0,330,330,103,148
3/31/2017,,28,91,76,30,19,33,-5,50,80,63,76
4/1/2017,,57,282,201,200,3,11,0,50,60,112,152
4/2/2017,,31,0,0,180,28,100,-5,350,340,81,116
4/3/2017,,26,0,0,130,39,111,-32,310,340,72,103
4/4/2017,,53,183,0,80,28,50,11,80,90,98,143
4/5/2017,,34,3,0,50,28,61,11,40,40,72,98
4/6/2017,,51,465,0,30,31,78,22,70,80,112,134
4/7/2017,,36,0,0,0,67,106,44,180,180,89,134
4/8/2017,,53,0,0,0,57,94,28,300,310,98,134
4/9/2017,,24,0,0,0,61,150,-16,280,320,67,89
4/10/2017,,27,0,0,0,92,189,6,190,180,63,98
4/11/2017,,20,0,0,0,143,244,50,90,,40,
4/12/2017,,18,51,0,0,108,156,67,150,,67,
4/13/2017,,42,0,0,0,88,156,11,340,330,89,134
4/14/2017,,34,0,0,0,82,161,0,10,350,63,98
4/15/2017,,39,0,0,0,87,172,-10,180,170,76,139
4/16/2017,,46,8,0,0,181,300,83,290,280,98,157
4/17/2017,,54,0,0,0,193,206,67,320,280,89,148
4/18/2017,,31,0,0,0,71,94,0,110,110,63,98
4/19/2017,,39,41,0,0,35,78,-10,170,150,81,165
4/20/2017,,35,0,0,0,74,122,56,80,90,58,94
4/21/2017,,55,91,0,0,56,56,33,80,120,67,107
4/22/2017,,30,33,0,0,41,56,22,80,70,67,89
4/23/2017,,37,0,0,0,69,156,11,190,170,67,139
4/24/2017,,29,0,0,0,96,167,17,80,90,67,89
4/25/2017,,44,137,0,0,69,89,50,80,70,63,121
4/26/2017,,34,333,0,0,89,122,72,60,70,63,76
4/27/2017,,23,0,0,0,109,156,83,100,60,45,72
4/28/2017,,21,0,0,0,120,189,78,90,,67,
4/29/2017,,40,0,0,0,169,272,78,290,340,94,170
4/30/2017,,42,0,0,0,105,117,50,330,320,116,161
5/1/2017,,43,33,0,0,66,67,56,140,310,72,98
5/2/2017,,26,84,0,0,76,139,56,260,260,72,103
5/3/2017,,57,0,0,0,123,178,39,290,330,116,170
5/4/2017,,34,0,0,0,83,144,11,180,180,81,112
5/5/2017,,50,173,0,0,78,100,67,100,100,143,174
5/6/2017,,45,33,0,0,106,150,83,140,150,107,170
5/7/2017,,62,3,0,0,113,156,83,180,190,125,165
5/8/2017,,34,13,0,0,89,117,44,220,250,72,121
5/9/2017,,22,0,0,0,69,117,0,90,130,63,89
5/10/2017,,30,0,0,0,86,133,56,120,130,72,94
5/11/2017,,33,3,0,0,94,128,67,20,20,72,94
5/12/2017,,31,0,0,0,108,150,78,180,170,63,94
5/13/2017,,26,0,0,0,94,144,39,150,140,63,98
5/14/2017,,51,183,0,0,81,89,72,350,30,81,174
5/15/2017,,49,10,0,0,93,139,61,350,350,98,161
5/16/2017,,41,0,0,0,147,250,44,330,330,94,134
5/17/2017,,36,0,0,0,183,250,83,170,170,107,139
5/18/2017,,36,0,0,0,242,339,150,160,160,103,134
5/19/2017,,63,0,0,0,241,294,117,290,360,116,161
5/20/2017,,37,0,0,0,139,200,83,350,360,81,98
5/21/2017,,28,0,0,0,128,183,39,190,160,72,103
5/22/2017,,33,135,0,0,119,133,89,180,190,94,139
5/23/2017,,19,0,0,0,127,194,100,210,190,54,81
5/24/2017,,17,0,0,0,141,200,94,100,70,45,63
5/25/2017,,51,262,0,0,114,139,83,70,70,116,161
5/26/2017,,47,442,0,0,105,133,89,60,60,116,183
5/27/2017,,33,0,0,0,126,172,89,160,170,67,85
5/28/2017,,25,0,0,0,111,150,72,150,170,67,89
5/29/2017,,47,5,0,0,88,94,78,100,110,89,116
5/30/2017,,26,0,0,0,97,128,83,140,140,72,89
5/31/2017,,35,132,0,0,123,161,106,130,170,72,103
6/1/2017,,29,28,0,0,146,222,100,290,280,103,148
6/2/2017,,39,3,0,0,153,200,78,270,270,107,152
6/3/2017,,36,0,0,0,123,189,67,350,310,76,112
6/4/2017,,29,10,0,0,144,217,67,180,180,81,116
6/5/2017,,41,36,0,0,127,144,106,100,70,81,112
6/6/2017,,36,183,0,0,102,117,89,40,60,72,130
6/7/2017,,26,8,0,0,136,206,89,190,180,72,94
6/8/2017,,33,0,0,0,161,239,83,170,180,98,134
6/9/2017,,30,0,0,0,152,233,106,290,220,76,103
6/10/2017,,30,0,0,0,193,244,111,170,170,94,130
6/11/2017,,38,0,0,0,237,328,183,200,180,94,130
6/12/2017,,30,0,0,0,268,317,189,160,180,94,116
6/13/2017,,40,0,0,0,275,328,183,340,350,89,130
6/14/2017,,31,0,0,0,201,244,111,290,270,76,116
6/15/2017,,34,0,0,0,152,200,83,160,150,81,107
6/16/2017,,38,104,0,0,147,161,133,160,150,76,121
6/17/2017,,18,5,0,0,161,217,133,90,270,40,81
6/18/2017,,34,3,0,0,192,250,156,180,170,63,134
6/19/2017,,40,84,0,0,214,272,183,180,170,103,157
6/20/2017,,41,0,0,0,212,283,178,280,160,81,125
6/21/2017,,39,0,0,0,224,278,156,290,280,98,130
6/22/2017,,27,0,0,0,211,278,122,300,290,76,98
6/23/2017,,26,0,0,0,186,233,156,190,180,76,116
6/24/2017,,38,0,0,0,232,294,183,320,330,94,130
6/25/2017,,34,0,0,0,225,278,150,280,180,89,112
6/26/2017,,31,0,0,0,198,244,144,310,280,72,98
6/27/2017,,27,51,0,0,176,233,133,220,170,72,98
6/28/2017,,30,15,0,0,170,244,100,290,300,81,116
6/29/2017,,19,43,0,0,178,233,111,240,240,76,148
6/30/2017,,22,94,0,0,186,244,156,10,90,76,94
7/1/2017,,34,0,0,0,210,261,178,180,180,103,148
7/2/2017,,40,0,0,0,239,306,183,280,290,94,130
7/3/2017,,42,0,0,0,246,289,161,280,280,81,116
7/4/2017,,31,0,0,0,220,278,139,320,310,76,107
7/5/2017,,27,0,0,0,207,278,122,190,200,76,98
7/6/2017,,38,0,0,0,198,233,150,180,180,89,130
7/7/2017,,24,3,0,0,184,228,144,210,200,63,85
7/8/2017,,32,46,0,0,184,244,133,250,250,94,125
7/9/2017,,29,0,0,0,220,278,150,260,250,72,121
7/10/2017,,28,0,0,0,223,278,150,180,190,72,103
7/11/2017,,26,3,0,0,209,256,172,200,170,63,76
7/12/2017,,27,0,0,0,227,283,178,110,140,67,89
7/13/2017,,28,10,0,0,174,194,144,40,40,67,89
7/14/2017,,17,0,0,0,164,200,128,110,110,45,63
7/15/2017,,20,0,0,0,181,228,156,150,150,58,67
7/16/2017,,24,0,0,0,211,278,144,180,180,76,103
7/17/2017,,28,0,0,0,209,256,167,90,150,63,89
7/18/2017,,23,145,0,0,210,256,189,80,90,58,85
7/19/2017,,22,0,0,0,224,267,194,190,180,63,89
7/20/2017,,22,0,0,0,239,311,189,190,200,76,98
7/21/2017,,33,0,0,0,248,306,183,260,170,72,112
7/22/2017,,21,0,0,0,249,300,189,260,260,63,81
7/23/2017,,34,0,0,0,207,222,150,40,170,63,85
7/24/2017,,33,61,0,0,162,189,128,90,70,81,125
7/25/2017,,29,0,0,0,162,228,128,360,10,67,94
7/26/2017,,28,0,0,0,193,267,133,160,150,63,76
7/27/2017,,31,0,0,0,193,239,167,240,260,72,89
7/28/2017,,25,0,0,0,215,289,156,190,180,67,85
7/29/2017,,33,0,0,0,192,239,111,100,100,67,98
7/30/2017,,27,0,0,0,186,267,100,350,340,63,85
7/31/2017,,27,0,0,0,205,272,111,190,180,76,107
8/1/2017,,26,0,0,0,230,300,172,190,180,81,107
8/2/2017,,25,0,0,0,218,289,156,90,180,72,89
8/3/2017,,33,0,0,0,222,267,183,180,170,76,103
8/4/2017,,38,0,0,0,212,250,172,160,160,94,116
8/5/2017,,37,13,0,0,203,228,167,150,170,76,125
8/6/2017,,37,0,0,0,197,250,139,310,300,98,134
8/7/2017,,36,5,0,0,193,261,111,210,220,76,107
8/8/2017,,23,36,0,0,192,228,150,360,220,63,89
8/9/2017,,27,0,0,0,197,278,117,170,180,81,107
8/10/2017,,25,0,0,0,217,272,150,150,140,72,107
8/11/2017,,22,0,0,0,210,261,167,150,150,67,85
8/12/2017,,31,20,0,0,196,228,178,190,180,76,107
8/13/2017,,35,3,0,0,227,300,161,320,310,98,130
8/14/2017,,25,0,0,0,208,272,128,190,180,67,89
8/15/2017,,26,0,0,0,203,261,150,190,180,72,121
8/16/2017,,36,0,0,0,225,278,133,350,350,81,107
8/17/2017,,25,0,0,0,193,283,100,280,280,81,103
8/18/2017,,36,485,0,0,176,194,156,110,110,72,112
8/19/2017,,30,3,0,0,191,267,156,140,210,67,76
8/20/2017,,31,0,0,0,222,289,167,310,290,89,112
8/21/2017,,27,0,0,0,222,300,144,190,180,67,98
8/22/2017,,34,91,0,0,223,278,161,190,170,94,125
8/23/2017,,43,104,0,0,232,267,156,270,280,89,130
8/24/2017,,22,0,0,0,196,261,122,150,260,63,85
8/25/2017,,32,0,0,0,188,233,117,310,270,76,116
8/26/2017,,29,0,0,0,164,239,100,270,270,81,121
8/27/2017,,19,0,0,0,174,233,100,120,140,63,89
8/28/2017,,21,0,0,0,162,228,100,120,130,72,98
8/29/2017,,22,0,0,0,150,206,83,150,150,67,81
8/30/2017,,24,0,0,0,166,233,111,210,130,58,76
8/31/2017,,44,0,0,0,169,250,100,310,320,98,125
9/1/2017,,49,0,0,0,142,189,78,280,270,98,134
9/2/2017,,32,0,0,0,136,217,61,130,270,67,98
9/3/2017,,52,231,0,0,139,178,106,140,80,107,143
9/4/2017,,49,3,0,0,169,244,128,230,270,89,116
9/5/2017,,45,0,0,0,203,261,167,180,220,72,107
9/6/2017,,26,157,0,0,186,222,150,350,350,98,121
9/7/2017,,38,155,0,0,175,233,139,260,240,76,103
9/8/2017,,26,3,0,0,167,222,94,250,270,67,107
9/9/2017,,27,0,0,0,160,222,106,360,350,63,76
9/10/2017,,36,0,0,0,165,222,106,360,350,67,85
9/11/2017,,38,0,0,0,172,261,94,290,270,72,98
9/12/2017,,22,0,0,0,178,250,100,250,240,63,85
9/13/2017,,24,0,0,0,191,267,111,180,170,76,103
9/14/2017,,17,0,0,0,196,267,128,170,140,54,81
9/15/2017,,24,0,0,0,204,222,167,110,130,54,76
9/16/2017,,11,0,0,0,194,267,161,150,180,54,76
9/17/2017,,18,0,0,0,179,233,156,150,140,45,81
9/18/2017,,22,0,0,0,167,194,150,90,130,63,76
9/19/2017,,32,10,0,0,172,206,156,40,130,54,72
9/20/2017,,45,0,0,0,202,239,183,30,60,72,98
9/21/2017,,55,0,0,0,208,239,161,30,60,94,130
9/22/2017,,43,0,0,0,172,211,133,30,30,72,103
9/23/2017,,19,0,0,0,199,278,133,200,160,40,72
9/24/2017,,16,0,0,0,218,300,161,180,180,63,98
9/25/2017,,16,0,0,0,221,283,167,90,90,58,85
9/26/2017,,13,0,0,0,207,272,156,190,180,54,81
9/27/2017,,27,0,0,0,211,289,150,180,160,76,134
9/28/2017,,43,0,0,0,218,244,89,350,350,98,121
9/29/2017,,27,0,0,0,131,183,78,310,310,67,98
9/30/2017,,32,8,0,0,108,133,50,110,120,72,103
10/1/2017,,26,0,0,0,99,183,33,250,230,63,89
10/2/2017,,22,0,0,0,123,206,44,100,130,63,94
10/3/2017,,35,0,0,0,116,178,44,220,210,81,112
10/4/2017,,38,0,0,0,153,233,83,230,220,76,116
10/5/2017,,32,0,0,0,203,244,111,260,230,81,107
10/6/2017,,22,8,0,0,145,200,78,260,270,76,107
10/7/2017,,20,0,0,0,139,194,83,150,140,63,98
10/8/2017,,39,30,0,0,185,228,167,170,170,81,134
10/9/2017,,20,117,0,0,178,194,150,170,180,81,121
10/10/2017,,30,0,0,0,202,250,128,310,310,89,103
10/11/2017,,22,3,0,0,154,211,106,20,20,67,89
10/12/2017,,25,0,0,0,106,144,22,130,130,58,85
10/13/2017,,26,0,0,0,79,156,6,170,140,63,98
10/14/2017,,23,0,0,0,154,211,111,160,220,63,89
10/15/2017,,40,0,0,0,160,211,128,210,210,89,121
10/16/2017,,52,0,0,0,156,200,67,340,250,89,134
10/17/2017,,32,0,0,0,74,133,6,220,220,76,98
10/18/2017,,26,0,0,0,118,217,44,220,230,76,94
10/19/2017,,31,0,0,0,118,194,39,180,180,81,116
10/20/2017,,29,0,0,0,158,211,72,270,270,81,125
10/21/2017,,14,0,0,0,132,211,56,150,150,58,89
10/22/2017,,35,0,0,0,118,167,72,90,120,76,103
10/23/2017,,31,0,0,0,126,167,106,140,150,67,98
10/24/2017,,53,15,0,0,158,178,139,160,140,98,148
10/25/2017,,54,351,0,0,172,183,144,180,140,125,165
10/26/2017,,34,447,0,0,149,156,83,280,290,98,143
10/27/2017,,34,0,0,0,109,156,44,260,260,72,98
10/28/2017,,28,0,0,0,86,156,17,170,160,72,98
10/29/2017,,58,142,0,0,139,167,133,130,140,139,192
10/30/2017,,86,193,0,0,146,172,78,130,130,215,309
10/31/2017,,55,0,0,0,96,139,56,260,250,98,148
11/1/2017,,19,0,0,0,66,117,-10,230,230,76,94
11/2/2017,,41,0,0,0,123,150,111,190,210,76,107
11/3/2017,,40,0,0,0,158,211,67,310,330,112,157
11/4/2017,,26,0,0,0,83,117,28,350,330,67,89
11/5/2017,,39,8,0,0,82,133,39,140,130,103,134
11/6/2017,,33,81,0,0,141,167,67,330,350,89,143
11/7/2017,,30,0,0,0,67,89,17,20,20,67,94
11/8/2017,,34,0,0,0,34,67,-38,20,10,67,94
11/9/2017,,29,0,0,0,5,89,-55,140,210,72,103
11/10/2017,,73,8,0,0,38,94,-60,270,280,139,192
11/11/2017,,35,0,0,0,-35,22,-82,360,330,63,121
11/12/2017,,19,0,0,0,-4,56,-43,150,140,54,89
11/13/2017,,24,23,3,0,-14,17,-55,10,360,54,72
11/14/2017,,30,0,0,0,23,61,-5,20,20,63,76
11/15/2017,,22,0,0,0,20,50,-38,130,150,63,81
11/16/2017,,26,140,0,0,19,89,-32,150,140,76,107
11/17/2017,,45,0,0,0,33,56,-49,290,270,94,139
11/18/2017,,24,56,0,0,-9,100,-60,180,150,63,94
11/19/2017,,63,109,0,0,87,133,0,270,270,130,170
11/20/2017,,59,0,0,0,11,39,-32,280,280,130,165
11/21/2017,,32,0,0,0,23,111,-43,180,180,72,107
11/22/2017,,28,109,0,0,59,72,0,320,320,76,107
11/23/2017,,24,0,0,0,11,50,-38,240,270,58,81
11/24/2017,,36,0,0,0,15,83,-27,220,230,72,98
11/25/2017,,36,0,0,0,65,111,22,180,180,81,112
11/26/2017,,37,0,0,0,63,89,-32,290,290,107,161
11/27/2017,,41,0,0,0,4,61,-66,280,290,94,139
11/28/2017,,34,0,0,0,-39,39,-82,210,220,81,112
11/29/2017,,41,0,0,0,59,150,-5,280,270,116,165
11/30/2017,,26,0,0,0,12,78,-55,190,210,72,98
12/1/2017,,31,20,0,0,67,83,-16,190,170,67,112
12/2/2017,,13,0,0,0,13,44,-21,130,140,45,63
12/3/2017,,18,0,0,0,7,56,-38,130,60,40,63
12/4/2017,,22,0,0,0,-4,50,-55,140,140,63,76
12/5/2017,,38,84,0,0,22,111,-16,170,170,130,201
12/6/2017,,55,79,0,0,86,122,-5,180,180,157,197
12/7/2017,,46,0,0,0,16,61,-21,260,270,89,116
12/8/2017,,39,0,0,0,12,33,-16,220,220,81,103
12/9/2017,,26,124,157,0,-1,22,-16,350,350,67,103
12/10/2017,,40,5,5,130,-4,28,-32,230,270,72,112
12/11/2017,,42,0,0,80,1,33,-32,250,240,76,125
12/12/2017,,38,206,58,80,-43,6,-71,260,270,76,107
12/13/2017,,55,0,0,80,-24,-5,-82,270,260,94,143
12/14/2017,,59,0,0,80,-69,-32,-99,270,250,81,125
12/15/2017,,14,3,3,80,-89,-49,-143,260,230,58,76
12/16/2017,,34,0,0,80,-60,-5,-116,340,340,89,139
12/17/2017,,20,0,0,80,-82,-32,-149,360,270,58,85
12/18/2017,,19,64,89,80,-88,-32,-132,230,220,45,76
12/19/2017,,24,8,0,150,-16,61,-55,200,210,72,107
12/20/2017,,45,0,0,100,27,44,-49,280,300,94,134
12/21/2017,,27,0,0,100,-49,-38,-88,320,310,72,89
12/22/2017,,31,53,89,100,-81,-66,-93,60,50,63,72
12/23/2017,,32,142,5,180,-57,11,-82,340,20,63,85
12/24/2017,,33,0,0,150,-4,11,-49,40,50,72,107
12/25/2017,,54,86,127,150,-54,-16,-93,340,340,107,161
12/26/2017,,40,0,0,230,-62,-49,-132,280,250,94,134
12/27/2017,,38,0,0,230,-122,-93,-177,270,290,98,121
12/28/2017,,32,0,0,230,-169,-132,-210,310,310,76,98
12/29/2017,,17,5,10,230,-187,-143,-249,330,40,45,89
12/30/2017,,15,0,0,230,-183,-110,-249,100,70,36,85
12/31/2017,,34,0,0,230,-167,-116,-232,330,330,76,116
1/1/2018,,24,0,0,230,-193,-121,-271,330,330,81,116
1/2/2018,,27,0,0,230,-182,-110,-266,290,290,58,72
1/3/2018,,18,0,0,200,-103,-32,-138,180,170,58,98
1/4/2018,,75,157,302,200,-79,-10,-155,300,310,165,233
1/5/2018,,70,3,3,410,-88,-43,-177,290,300,125,188
1/6/2018,,61,0,0,410,-173,-155,-205,300,290,107,139
1/7/2018,,25,0,0,380,-176,-99,-243,210,220,58,76
1/8/2018,,32,5,3,380,-79,-10,-116,200,200,67,94
1/9/2018,,46,0,0,360,-1,39,-66,280,300,125,161
1/10/2018,,28,0,0,360,-39,11,-121,190,190,76,98
1/11/2018,,35,0,0,360,31,83,0,190,190,67,89
1/12/2018,,63,150,0,280,69,94,39,180,180,112,157
1/13/2018,,69,185,0,50,60,100,-88,180,190,125,179
1/14/2018,,39,0,0,30,-84,-66,-127,320,340,72,103
1/15/2018,,46,3,8,30,-121,-82,-160,340,60,76,112
1/16/2018,,16,8,13,50,-71,-27,-99,50,100,63,85
1/17/2018,,22,104,140,130,-29,-16,-38,60,140,54,76
1/18/2018,,22,0,0,150,-43,-10,-105,320,,36,
1/19/2018,,18,0,0,130,-56,0,-116,190,190,54,63
1/20/2018,,41,0,0,130,17,83,-16,270,280,76,116
1/21/2018,,16,0,0,100,31,61,-21,240,240,54,67
1/22/2018,,52,28,10,80,-11,17,-60,60,60,76,116
1/23/2018,,31,193,0,80,-37,28,-55,310,310,67,85
1/24/2018,,42,0,0,80,8,33,-77,280,280,98,125
1/25/2018,,31,0,0,80,-74,-43,-110,320,340,72,98
1/26/2018,,17,0,0,80,-79,-5,-132,290,140,63,76
1/27/2018,,39,0,0,80,-14,83,-105,190,180,81,116
1/28/2018,,30,0,0,80,77,89,-5,190,180,58,76
1/29/2018,,47,0,0,50,-4,17,-49,40,50,81,121
1/30/2018,,60,0,0,50,-58,-49,-77,10,360,107,152
1/31/2018,,29,0,0,50,-64,-5,-121,200,170,76,107
2/1/2018,,29,33,33,50,-13,33,-32,200,210,81,125
2/2/2018,,57,41,15,80,-19,33,-160,290,300,116,148
2/3/2018,,33,0,0,80,-124,-49,-166,200,210,67,98
2/4/2018,,51,160,0,50,-13,56,-60,210,210,116,157
2/5/2018,,43,86,0,30,34,61,-71,290,300,134,179
2/6/2018,,22,0,0,30,-50,-5,-82,210,120,63,103
2/7/2018,,37,244,168,30,-55,-32,-88,310,310,94,130
2/8/2018,,30,0,0,180,-54,-21,-105,290,330,72,116
2/9/2018,,30,0,3,150,-74,-21,-132,280,280,63,85
2/10/2018,,15,61,8,150,-3,50,-43,180,180,58,76
2/11/2018,,38,132,0,100,19,33,6,60,60,67,81
2/12/2018,,41,0,0,80,18,33,-43,320,290,94,139
2/13/2018,,26,0,0,50,-45,-16,-82,160,160,67,89
2/14/2018,,39,0,0,50,-2,72,-27,190,200,76,107
2/15/2018,,14,0,0,50,23,67,-38,170,160,72,89
2/16/2018,,26,25,0,30,47,78,-27,330,340,116,170
2/17/2018,,41,36,33,30,-22,17,-66,180,170,98,148
2/18/2018,,31,99,152,200,13,44,-60,300,310,94,125
2/19/2018,,32,3,0,100,-15,56,-88,170,170,112,143
2/20/2018,,16,3,0,100,49,67,28,60,60,58,67
2/21/2018,,35,0,0,0,75,200,17,310,330,94,134
2/22/2018,,26,0,0,0,49,72,-21,350,340,76,112
2/23/2018,,39,58,3,0,-4,22,-43,180,190,76,103
2/24/2018,,32,0,0,0,43,111,-5,320,340,81,107
2/25/2018,,47,122,41,0,11,33,-10,90,90,94,134
2/26/2018,,33,0,0,0,33,100,-10,290,280,89,116
2/27/2018,,23,0,0,0,27,89,-38,150,160,63,94
2/28/2018,,29,0,0,0,60,144,11,170,170,72,107
3/1/2018,,38,0,0,0,57,111,11,50,60,103,134
3/2/2018,,85,25,0,0,25,44,0,40,30,139,179
3/3/2018,,81,0,0,0,41,67,17,20,360,139,206
3/4/2018,,57,3,8,0,38,56,0,50,50,112,134
3/5/2018,,58,15,33,50,24,61,-5,40,20,116,165
3/6/2018,,43,0,0,0,13,39,-5,30,50,89,121
3/7/2018,,69,99,130,0,6,6,-5,40,40,103,139
3/8/2018,,56,251,269,250,-5,6,-16,30,360,112,161
3/9/2018,,26,0,0,300,-13,17,-66,180,180,54,63
3/10/2018,,45,0,0,200,-2,39,-55,290,280,112,139
3/11/2018,,41,0,0,200,16,50,-16,300,290,72,94
3/12/2018,,50,0,0,180,2,28,-49,60,60,107,130
3/13/2018,,81,262,292,150,2,22,-21,350,340,130,197
3/14/2018,,41,64,71,410,7,33,0,220,250,67,98
3/15/2018,,51,0,0,300,16,44,0,280,280,116,152
3/16/2018,,60,0,0,250,1,22,-43,290,300,139,192
3/17/2018,,62,0,0,230,-44,-10,-99,320,320,161,224
3/18/2018,,40,0,0,230,-77,-21,-132,320,350,107,161
3/19/2018,,41,0,0,230,-58,6,-121,310,320,107,148
3/20/2018,,35,0,0,200,-22,39,-77,170,340,76,107
3/21/2018,,60,0,0,200,-3,39,-32,40,30,89,139
3/22/2018,,59,13,33,230,25,61,-10,350,30,98,170
3/23/2018,,32,0,0,200,31,78,-27,170,50,76,107
3/24/2018,,38,13,3,180,39,72,6,20,340,81,112
3/25/2018,,52,0,0,150,14,39,-27,60,70,125,152
3/26/2018,,34,0,0,150,3,50,-43,80,90,76,94
3/27/2018,,22,0,0,150,9,83,-60,70,80,72,89
3/28/2018,,19,3,0,130,46,89,0,190,160,72,107
3/29/2018,,22,51,0,100,39,100,-16,170,90,63,76
3/30/2018,,26,15,0,50,77,144,50,350,340,72,112
3/31/2018,,59,0,0,0,61,111,17,280,180,107,139
4/1/2018,,59,0,0,0,79,139,-5,290,300,139,165
4/2/2018,,19,23,3,0,11,33,-27,80,90,58,76
4/3/2018,,36,43,0,0,17,72,-21,170,160,112,148
4/4/2018,,32,168,0,0,34,67,28,270,240,98,157
4/5/2018,,72,0,0,0,17,44,-32,290,290,134,201
4/6/2018,,44,36,13,0,-3,44,-49,180,170,112,152
4/7/2018,,43,15,0,0,38,78,-10,290,290,107,134
4/8/2018,,40,0,0,0,21,67,-32,330,330,89,130
4/9/2018,,42,0,0,0,9,61,-32,300,330,81,121
4/10/2018,,43,0,0,0,16,44,-27,80,90,72,89
4/11/2018,,38,0,0,0,16,72,-38,180,170,94,121
4/12/2018,,41,46,0,0,50,100,-21,160,160,103,134
4/13/2018,,29,13,0,0,98,167,56,90,180,89,134
4/14/2018,,45,0,0,0,75,89,0,350,330,94,125
4/15/2018,,48,25,3,0,-10,6,-27,30,30,81,139
4/16/2018,,101,610,0,0,18,83,6,90,60,165,233
4/17/2018,,38,0,0,0,69,83,28,280,290,89,116
4/18/2018,,50,0,0,0,58,117,11,290,290,107,148
4/19/2018,,30,5,0,0,62,89,33,310,150,72,94
4/20/2018,,67,0,0,0,61,111,17,320,340,130,174
4/21/2018,,42,0,0,0,70,139,-5,340,320,94,139
4/22/2018,,42,0,0,0,83,156,0,340,330,94,125
4/23/2018,,38,0,0,0,87,167,0,180,170,94,130
4/24/2018,,55,0,0,0,96,178,22,180,190,130,174
4/25/2018,,35,333,0,0,98,122,83,140,150,94,143
4/26/2018,,35,107,0,0,115,194,83,270,270,98,143
4/27/2018,,28,53,0,0,104,156,44,90,170,81,103
4/28/2018,,28,0,0,0,102,156,72,160,160,89,107
4/29/2018,,23,5,0,0,84,111,61,90,90,58,85
4/30/2018,,18,0,0,0,65,89,28,90,90,58,85
5/1/2018,,27,0,0,0,78,156,6,170,340,81,103
5/2/2018,,37,0,0,0,193,322,94,270,280,98,157
5/3/2018,,25,76,0,0,225,267,100,80,90,76,94
5/4/2018,,25,3,0,0,129,189,100,90,90,76,94
5/5/2018,,47,0,0,0,167,228,106,270,290,148,215
5/6/2018,,17,13,0,0,149,194,94,190,200,81,130
5/7/2018,,31,0,0,0,130,178,61,180,170,76,103
5/8/2018,,30,0,0,0,101,167,44,170,170,81,107
5/9/2018,,25,0,0,0,102,156,72,80,160,63,81
5/10/2018,,34,0,0,0,91,161,61,190,170,72,116
5/11/2018,,36,0,0,0,144,183,72,320,330,81,121
5/12/2018,,21,0,0,0,92,128,17,180,180,67,94
5/13/2018,,32,0,0,0,88,139,28,180,180,76,98
5/14/2018,,41,0,0,0,115,161,94,170,170,98,130
5/15/2018,,33,23,0,0,157,244,100,50,350,98,134
5/16/2018,,38,0,0,0,119,133,89,50,60,72,116
5/17/2018,,25,0,0,0,136,217,83,20,50,76,107
5/18/2018,,38,0,0,0,135,161,61,30,50,81,121
5/19/2018,,27,69,0,0,91,139,28,90,130,63,94
5/20/2018,,37,0,0,0,157,261,94,340,330,103,134
5/21/2018,,28,0,0,0,174,256,67,290,170,98,125
5/22/2018,,23,8,0,0,146,167,100,80,90,72,89
5/23/2018,,38,0,0,0,168,256,111,360,340,125,174
5/24/2018,,41,0,0,0,124,150,94,180,180,103,130
5/25/2018,,38,0,0,0,197,311,100,280,290,94,139
5/26/2018,,19,10,0,0,219,239,139,80,80,94,134
5/27/2018,,50,0,0,0,131,144,89,80,70,89,130
5/28/2018,,36,0,0,0,107,144,89,80,170,72,89
5/29/2018,,28,0,0,0,194,300,122,320,340,89,121
5/30/2018,,32,0,0,0,172,206,117,180,170,76,112
5/31/2018,,44,0,0,0,170,250,111,180,190,107,139
6/1/2018,,36,0,0,0,206,267,167,170,160,72,98
6/2/2018,,46,0,0,0,226,283,128,340,50,98,130
6/3/2018,,38,0,0,0,145,156,89,50,170,67,94
6/4/2018,,46,102,0,0,99,106,78,100,110,94,130
6/5/2018,,25,10,0,0,94,128,78,160,130,67,85
6/6/2018,,20,3,0,0,119,167,100,150,170,63,89
6/7/2018,,31,0,0,0,136,178,100,170,180,94,143
6/8/2018,,26,0,0,0,179,256,111,170,170,81,116
6/9/2018,,32,0,0,0,177,256,78,320,320,81,112
6/10/2018,,30,0,0,0,164,228,83,190,330,72,94
6/11/2018,,39,0,0,0,152,194,106,200,170,76,116
6/12/2018,,42,0,0,0,183,289,83,280,270,98,143
6/13/2018,,50,0,0,0,218,278,167,190,150,98,130
6/14/2018,,43,18,0,0,199,239,122,300,270,94,130
6/15/2018,,28,0,0,0,148,206,111,190,150,76,103
6/16/2018,,35,0,0,0,204,294,106,330,330,89,121
6/17/2018,,36,0,0,0,179,206,122,90,130,63,98
6/18/2018,,41,277,0,0,199,328,128,190,200,94,125
6/19/2018,,53,13,0,0,229,256,139,300,340,107,170
6/20/2018,,38,0,0,0,193,256,106,160,170,98,125
6/21/2018,,26,0,0,0,197,233,133,160,170,76,94
6/22/2018,,33,0,0,0,166,211,106,180,180,76,98
6/23/2018,,19,46,0,0,152,189,117,120,350,54,76
6/24/2018,,20,3,0,0,164,228,122,160,90,72,81
6/25/2018,,38,8,0,0,182,217,117,360,350,130,165
6/26/2018,,34,0,0,0,170,244,100,180,180,94,116
6/27/2018,,38,10,0,0,196,278,122,170,190,81,139
6/28/2018,,39,351,0,0,181,194,161,170,170,89,130
6/29/2018,,30,0,0,0,226,294,178,170,150,89,112
6/30/2018,,40,0,0,0,237,294,183,180,170,98,134
7/1/2018,,30,13,0,0,256,311,206,90,140,76,107
7/2/2018,,31,0,0,0,216,244,178,90,90,72,89
7/3/2018,,20,0,0,0,236,311,178,160,180,72,121
7/4/2018,,27,0,0,0,273,339,200,180,160,72,148
7/5/2018,,43,0,0,0,263,317,194,180,180,107,143
7/6/2018,,58,23,0,0,263,306,156,340,340,112,165
7/7/2018,,29,0,0,0,189,256,106,180,180,76,107
7/8/2018,,32,0,0,0,197,267,111,170,170,81,121
7/9/2018,,29,0,0,0,219,289,144,180,160,89,121
7/10/2018,,28,0,0,0,233,317,150,350,350,107,170
7/11/2018,,36,0,0,0,225,261,150,80,20,72,98
7/12/2018,,28,0,0,0,204,272,144,180,170,76,121
7/13/2018,,32,0,0,0,208,244,156,110,160,72,98
7/14/2018,,24,0,0,0,179,222,133,180,160,63,94
7/15/2018,,20,0,0,0,199,239,172,160,170,72,94
7/16/2018,,22,0,0,0,202,256,167,80,160,81,98
7/17/2018,,22,297,0,0,206,267,178,360,320,63,94
7/18/2018,,39,0,0,0,222,267,172,340,310,98,139
7/19/2018,,30,0,0,0,201,256,117,160,170,67,103
7/20/2018,,22,0,0,0,202,272,122,180,170,67,112
7/21/2018,,20,0,0,0,190,244,122,90,90,67,94
7/22/2018,,31,84,0,0,170,211,144,70,90,76,116
7/23/2018,,42,18,0,0,221,256,211,160,160,76,116
7/24/2018,,39,0,0,0,217,239,200,170,180,72,116
7/25/2018,,47,0,0,0,223,261,200,180,180,81,143
7/26/2018,,37,267,0,0,221,256,194,160,160,94,157
7/27/2018,,25,173,0,0,228,272,161,90,180,89,112
7/28/2018,,30,38,0,0,229,272,194,180,180,89,125
7/29/2018,,19,0,0,0,227,278,172,70,70,58,81
7/30/2018,,23,0,0,0,216,272,150,180,180,67,89
7/31/2018,,20,0,0,0,225,278,172,170,170,67,89
8/1/2018,,24,208,0,0,215,261,178,140,170,72,107
8/2/2018,,35,0,0,0,257,322,217,290,250,81,121
8/3/2018,,26,140,0,0,261,306,211,290,180,76,107
8/4/2018,,18,155,0,0,226,256,194,320,210,54,76
8/5/2018,,17,0,0,0,229,283,189,180,180,58,81
8/6/2018,,20,0,0,0,258,339,189,190,150,67,103
8/7/2018,,27,0,0,0,275,339,217,170,170,72,116
8/8/2018,,22,15,0,0,254,283,217,70,80,67,81
8/9/2018,,25,3,0,0,254,311,211,300,290,72,89
8/10/2018,,22,0,0,0,242,283,167,360,350,63,89
8/11/2018,,17,0,0,0,194,239,144,150,150,45,49
8/12/2018,,31,76,0,0,193,211,178,80,80,63,85
8/13/2018,,26,0,0,0,199,217,183,100,140,54,112
8/14/2018,,25,89,0,0,198,239,183,90,90,58,85
8/15/2018,,14,0,0,0,226,283,206,190,180,67,85
8/16/2018,,20,0,0,0,245,294,172,320,360,67,89
8/17/2018,,17,69,0,0,200,250,144,130,130,58,67
8/18/2018,,36,25,0,0,231,278,178,30,70,94,139
8/19/2018,,33,0,0,0,199,239,144,50,90,67,89
8/20/2018,,24,0,0,0,192,228,144,100,90,63,89
8/21/2018,,16,0,0,0,177,222,133,140,90,58,85
8/22/2018,,25,193,0,0,198,261,178,120,140,54,81
8/23/2018,,26,0,0,0,201,250,139,330,330,63,89
8/24/2018,,22,0,0,0,192,267,122,180,180,58,76
8/25/2018,,27,0,0,0,202,250,144,190,180,72,107
8/26/2018,,30,0,0,0,204,244,161,190,180,67,112
8/27/2018,,22,0,0,0,236,300,183,170,350,63,89
8/28/2018,,27,0,0,0,264,339,211,210,200,67,103
8/29/2018,,30,0,0,0,275,317,217,170,180,107,134
8/30/2018,,39,0,0,0,250,283,150,360,360,76,103
8/31/2018,,20,0,0,0,178,217,117,150,70,54,72
9/1/2018,,19,0,0,0,164,217,106,150,150,54,72
9/2/2018,,26,0,0,0,194,256,144,180,180,72,107
9/3/2018,,24,0,0,0,247,322,189,160,150,89,103
9/4/2018,,24,0,0,0,253,306,200,90,90,67,89
9/5/2018,,30,0,0,0,228,272,183,180,170,76,103
9/6/2018,,30,94,0,0,249,333,189,350,350,112,170
9/7/2018,,22,0,0,0,189,211,139,160,350,45,67
9/8/2018,,32,0,0,0,164,194,111,360,360,67,85
9/9/2018,,24,0,0,0,130,172,78,350,140,54,67
9/10/2018,,43,160,0,0,125,172,78,100,110,98,130
9/11/2018,,28,528,0,0,174,233,139,100,90,116,143
9/12/2018,,17,0,0,0,197,211,183,50,30,54,67
9/13/2018,,13,10,0,0,201,239,150,190,160,40,63
9/14/2018,,15,0,0,0,193,250,139,160,120,45,67
9/15/2018,,16,0,0,0,168,239,122,150,160,63,72
9/16/2018,,10,0,0,0,204,289,150,170,90,54,76
9/17/2018,,28,0,0,0,209,278,172,180,180,72,98
9/18/2018,,23,137,0,0,216,250,172,30,30,72,98
9/19/2018,,38,0,0,0,168,183,139,10,20,67,85
9/20/2018,,23,18,0,0,147,167,111,130,140,67,94
9/21/2018,,39,0,0,0,148,189,117,190,180,89,130
9/22/2018,,46,3,0,0,184,217,83,340,310,103,152
9/23/2018,,23,0,0,0,118,178,50,110,120,63,94
9/24/2018,,38,0,0,0,107,128,56,40,40,76,116
9/25/2018,,43,445,0,0,101,183,50,200,160,94,148
9/26/2018,,44,61,0,0,197,239,172,190,190,81,134
9/27/2018,,25,8,0,0,181,211,133,30,130,58,85
9/28/2018,,22,5,0,0,143,183,100,360,350,58,72
9/29/2018,,17,0,0,0,134,206,72,310,330,63,85
9/30/2018,,19,0,0,0,130,189,78,240,230,63,85
10/1/2018,,23,43,0,0,112,122,100,10,10,40,63
10/2/2018,,33,244,0,0,109,117,94,50,40,54,63
10/3/2018,,21,86,0,0,124,200,100,360,360,58,67
10/4/2018,,35,0,0,0,151,183,133,200,190,76,103
10/5/2018,,34,0,0,0,134,172,67,350,340,81,112
10/6/2018,,26,0,0,0,103,150,56,210,220,58,94
10/7/2018,,34,0,0,0,152,178,117,220,220,72,103
10/8/2018,,28,0,0,0,109,117,83,50,70,58,85
10/9/2018,,44,0,0,0,170,278,100,270,230,81,112
10/10/2018,,40,0,0,0,233,289,128,90,100,98,134
10/11/2018,,35,157,0,0,121,128,100,90,100,72,94
10/12/2018,,28,0,0,0,116,156,50,290,310,63,89
10/13/2018,,26,28,0,0,71,100,28,240,230,63,85
10/14/2018,,20,0,0,0,69,139,6,230,250,58,72
10/15/2018,,28,61,0,0,76,172,6,270,270,89,143
10/16/2018,,56,3,0,0,119,139,39,290,290,161,210
10/17/2018,,45,3,0,0,78,144,39,260,250,125,165
10/18/2018,,52,0,0,0,43,78,-10,300,280,116,165
10/19/2018,,31,0,0,0,52,139,6,190,210,67,98
10/20/2018,,43,0,0,0,135,178,33,210,220,103,157
10/21/2018,,44,0,0,0,62,83,-5,350,340,107,152
10/22/2018,,26,0,0,0,33,94,-16,280,290,81,107
10/23/2018,,30,74,0,0,57,111,28,100,110,103,139
10/24/2018,,48,25,0,0,59,83,28,320,320,98,130
10/25/2018,,43,0,0,0,39,83,-21,310,310,103,134
10/26/2018,,30,0,0,0,16,78,-38,330,300,94,130
10/27/2018,,62,328,0,0,31,56,17,30,40,112,148
10/28/2018,,25,20,0,0,46,72,28,10,20,76,103
10/29/2018,,18,180,0,0,72,106,33,360,280,81,103
10/30/2018,,33,0,0,0,55,94,17,340,320,76,107
10/31/2018,,20,3,0,0,41,83,-16,160,200,58,76
11/1/2018,,9,8,0,0,77,100,56,210,210,36,49
11/2/2018,,27,193,0,0,93,100,89,330,60,54,72
11/3/2018,,55,389,0,0,98,144,72,270,270,134,201
11/4/2018,,35,0,0,0,69,106,6,300,310,81,103
11/5/2018,,22,51,0,0,27,56,-5,60,80,54,72
11/6/2018,,26,198,0,0,68,106,44,290,290,76,94
11/7/2018,,38,0,0,0,117,161,61,260,240,89,130
11/8/2018,,38,0,0,0,92,128,11,280,280,72,98
11/9/2018,,34,163,0,0,39,83,-27,90,90,116,152
11/10/2018,,72,140,0,0,59,78,22,280,280,139,183
11/11/2018,,43,0,0,0,21,50,-32,280,270,94,134
11/12/2018,,13,0,0,0,6,83,-60,270,280,58,72
11/13/2018,,34,381,0,0,43,106,17,310,300,98,143
11/14/2018,,69,0,0,0,-12,22,-77,310,320,134,197
11/15/2018,,17,0,0,0,-53,-5,-93,50,70,58,67
11/16/2018,,58,297,155,130,-11,17,-27,350,330,125,170
11/17/2018,,31,0,0,130,24,78,-10,310,240,67,81
11/18/2018,,21,0,0,100,15,33,-16,310,300,58,67
11/19/2018,,9,33,30,100,3,17,-5,260,260,31,36
11/20/2018,,36,127,180,150,7,11,-38,50,350,63,76
11/21/2018,,47,0,0,200,-16,22,-88,300,310,112,152
11/22/2018,,64,0,0,180,-100,-82,-143,320,330,134,174
11/23/2018,,29,0,0,150,-90,-21,-155,290,180,63,76
11/24/2018,,17,0,0,150,-30,39,-93,180,170,58,67
11/25/2018,,26,66,0,130,17,28,11,70,80,58,72
11/26/2018,,55,104,15,100,18,28,11,50,70,98,130
11/27/2018,,54,452,23,100,25,83,6,70,60,143,192
11/28/2018,,30,5,0,80,21,50,-5,320,320,58,72
11/29/2018,,47,0,0,50,36,61,-16,320,310,107,143
11/30/2018,,15,0,0,50,7,56,-43,90,90,63,81
12/1/2018,,23,0,0,50,24,61,-10,70,40,54,63
12/2/2018,,36,198,0,50,37,78,11,80,80,81,98
12/3/2018,,27,0,0,0,49,117,6,270,260,72,139
12/4/2018,,51,0,0,0,9,17,-71,340,350,98,139
12/5/2018,,9,0,0,0,-47,0,-93,80,70,36,54
12/6/2018,,23,0,0,0,-29,33,-82,260,270,58,94
12/7/2018,,43,0,0,0,-1,33,-77,330,330,94,121
12/8/2018,,26,0,0,0,-69,-32,-116,340,350,54,72
12/9/2018,,27,0,0,0,-62,11,-110,190,190,63,94
12/10/2018,,29,0,0,0,-36,6,-88,350,340,67,107
12/11/2018,,23,0,0,0,-66,0,-121,70,60,40,63
12/12/2018,,34,0,0,0,-53,-5,-99,340,330,81,116
12/13/2018,,18,0,0,0,-81,-16,-138,200,190,36,54
12/14/2018,,26,0,0,0,-6,61,-49,180,180,72,98
12/15/2018,,26,0,0,0,57,100,-38,50,330,63,85
12/16/2018,,37,13,5,0,6,44,-38,40,40,76,103
12/17/2018,,38,135,104,100,11,22,0,290,290,81,103
12/18/2018,,68,0,0,80,-18,17,-71,320,330,161,206
12/19/2018,,11,0,0,80,-39,28,-82,290,290,58,63
12/20/2018,,10,0,0,80,-25,50,-82,160,90,54,67
12/21/2018,,67,328,0,80,49,122,-5,170,170,134,192
12/22/2018,,56,5,0,0,98,128,-10,300,310,103,157
12/23/2018,,32,0,0,0,-4,22,-60,300,290,76,107
12/24/2018,,20,0,0,0,-32,22,-66,160,160,54,63
12/25/2018,,30,0,0,0,-18,17,-77,320,320,63,81
12/26/2018,,26,0,0,0,-47,22,-99,330,340,58,76
12/27/2018,,23,0,0,0,-28,0,-66,60,80,54,63
12/28/2018,,28,198,28,0,3,61,-32,180,180,81,116
12/29/2018,,47,0,0,0,38,100,-43,280,300,107,134
12/30/2018,,22,0,0,0,-41,-27,-66,80,90,67,76
12/31/2018,,27,51,3,0,-7,50,-27,180,180,103,130
1/1/2019,,55,198,13,0,47,100,-27,310,310,130,170
1/2/2019,,21,0,0,0,-30,-5,-55,350,340,63,107
1/3/2019,,17,71,91,50,-23,17,-49,280,140,45,76
1/4/2019,,33,0,0,80,4,61,-38,200,200,76,103
1/5/2019,,28,25,0,50,4,33,-32,60,360,63,103
1/6/2019,,50,0,0,30,13,44,-60,330,320,139,201
1/7/2019,,50,0,0,30,-63,-32,-99,310,330,116,179
1/8/2019,,22,119,46,50,-51,6,-77,60,120,63,94
1/9/2019,,30,124,36,50,8,22,6,280,280,67,85
1/10/2019,,47,0,0,50,2,11,-71,300,320,98,143
1/11/2019,,59,0,0,50,-71,-49,-149,300,290,116,143
1/12/2019,,37,0,0,50,-111,-43,-149,300,310,76,116
1/13/2019,,9,0,0,50,-96,-27,-138,150,50,45,67
1/14/2019,,22,0,0,50,-86,-21,-127,100,110,45,107
1/15/2019,,20,0,0,50,-57,17,-105,310,310,58,76
1/16/2019,,37,0,0,50,-18,28,-55,320,320,112,152
1/17/2019,,28,0,0,50,-67,-49,-127,300,310,89,139
1/18/2019,,17,0,0,50,-54,0,-88,310,40,54,89
1/19/2019,,43,10,13,50,-47,-32,-99,40,20,72,116
1/20/2019,,64,305,132,130,-114,-71,-138,20,30,98,165
1/21/2019,,64,0,0,150,-128,-116,-166,320,320,125,210
1/22/2019,,51,0,0,150,-118,-49,-171,310,320,130,179
1/23/2019,,36,3,0,150,-48,50,-116,190,190,89,125
1/24/2019,,56,394,0,130,59,100,22,180,170,125,197
1/25/2019,,37,0,0,30,28,39,-38,280,290,89,134
1/26/2019,,24,0,0,30,-36,-10,-82,160,40,63,107
1/27/2019,,56,0,0,30,-38,50,-99,170,170,116,161
1/28/2019,,46,0,0,30,-13,28,-110,40,280,76,107
1/29/2019,,39,23,36,0,-106,-66,-149,60,60,67,139
1/30/2019,,45,132,97,130,-58,0,-116,290,290,157,192
1/31/2019,,50,0,0,100,-118,-93,-171,260,250,67,143
2/1/2019,,38,0,0,100,-118,-66,-160,230,230,72,98
2/2/2019,,24,0,0,100,-112,-32,-188,210,190,67,94
2/3/2019,,17,0,0,100,-65,6,-143,160,40,45,89
2/4/2019,,29,0,0,80,30,100,-5,160,160,76,89
2/5/2019,,38,0,0,50,64,167,-10,280,340,98,116
2/6/2019,,31,43,5,0,7,22,-27,50,30,67,116
2/7/2019,,42,18,3,0,7,28,-5,60,60,72,85
2/8/2019,,56,48,0,0,32,100,-16,290,290,148,201
2/9/2019,,72,0,0,0,-24,-5,-77,290,310,157,201
2/10/2019,,31,0,0,0,-48,0,-88,280,270,72,98
2/11/2019,,35,0,0,0,-42,0,-99,340,30,94,161
2/12/2019,,41,163,127,0,-85,0,-121,80,90,103,139
2/13/2019,,54,292,69,180,-15,11,-21,90,80,134,197
2/14/2019,,33,0,0,180,-7,22,-71,300,300,125,165
2/15/2019,,36,66,0,150,-12,67,-82,160,170,89,125
2/16/2019,,34,0,0,130,18,39,-49,340,330,94,121
2/17/2019,,23,0,0,100,-40,0,-99,130,60,67,98
2/18/2019,,39,23,33,100,-51,-27,-93,110,30,76,183
2/19/2019,,36,0,0,130,-81,-21,-149,300,310,94,157
2/20/2019,,17,0,0,130,-93,-21,-166,160,40,67,125
2/21/2019,,36,66,36,150,-14,72,-49,290,300,112,143
2/22/2019,,33,0,0,130,28,61,-38,160,150,72,98
2/23/2019,,19,0,0,130,-21,22,-77,160,40,67,121
2/24/2019,,52,267,8,130,3,44,-38,90,90,125,161
2/25/2019,,82,0,0,130,17,33,-55,290,300,197,237
2/26/2019,,106,0,0,100,-66,-55,-127,290,,165,
2/27/2019,,23,5,3,100,-117,-71,-155,310,310,63,134
2/28/2019,,34,13,10,100,-80,-16,-116,320,,103,
3/1/2019,,21,0,0,100,-62,6,-127,170,30,81,98
3/2/2019,,28,8,30,100,-29,0,-66,60,60,72,152
3/3/2019,,24,20,10,130,-26,33,-105,90,180,76,89
3/4/2019,,47,155,147,200,12,39,-49,310,40,89,134
3/5/2019,,32,0,0,200,-47,-16,-93,290,280,63,85
3/6/2019,,47,0,0,200,-78,-55,-132,290,320,125,228
3/7/2019,,34,0,0,180,-103,-43,-166,290,270,89,112
3/8/2019,,34,0,0,180,-63,22,-127,230,220,63,94
3/9/2019,,24,0,0,180,-13,56,-105,60,50,67,89
3/10/2019,,50,163,61,180,-4,33,-32,110,110,98,125
3/11/2019,,64,0,0,180,39,72,0,260,270,107,143
3/12/2019,,44,0,0,150,22,44,-32,330,350,89,112
3/13/2019,,23,10,10,130,-11,28,-66,190,190,67,89
3/14/2019,,22,13,18,150,19,50,-5,110,100,54,58
3/15/2019,,28,36,0,100,64,128,39,160,200,63,85
3/16/2019,,61,0,0,50,67,94,0,280,280,157,210
3/17/2019,,48,0,0,30,4,22,-43,290,290,107,139
3/18/2019,,31,0,0,30,-16,39,-66,280,290,76,112
3/19/2019,,20,0,0,30,-14,33,-66,170,160,63,76
3/20/2019,,27,0,0,30,-2,56,-77,160,170,72,94
3/21/2019,,37,0,0,30,36,72,-21,190,210,89,116
3/22/2019,,58,196,5,30,28,39,11,10,10,116,165
3/23/2019,,69,10,0,0,43,83,-5,310,310,134,179
3/24/2019,,39,0,0,0,41,128,-21,260,260,98,121
3/25/2019,,39,0,0,0,44,67,-38,280,340,89,112
3/26/2019,,34,0,0,0,-3,50,-71,300,360,89,107
3/27/2019,,28,0,0,0,-3,44,-66,180,160,67,89
3/28/2019,,54,0,0,0,28,72,-10,190,200,107,143
3/29/2019,,26,10,0,0,68,111,44,240,230,58,85
3/30/2019,,24,0,0,0,45,67,-5,80,100,58,76
3/31/2019,,52,64,0,0,81,128,28,180,180,116,165
4/1/2019,,64,0,0,0,32,50,-10,300,320,134,165
4/2/2019,,40,0,0,0,19,72,-43,180,190,98,130
4/3/2019,,65,30,0,0,54,150,11,270,290,148,192
4/4/2019,,77,0,0,0,46,67,-10,290,300,130,183
4/5/2019,,37,23,0,0,18,72,-32,190,200,81,112
4/6/2019,,32,18,0,0,62,161,17,330,320,76,94
4/7/2019,,26,0,0,0,81,150,6,160,150,58,76
4/8/2019,,59,178,76,0,31,78,-10,90,90,116,157
4/9/2019,,30,43,20,80,-3,17,-16,90,90,76,103
4/10/2019,,44,0,0,80,21,44,-10,330,350,98,134
4/11/2019,,31,0,0,50,34,117,-27,310,310,94,116
4/12/2019,,22,0,0,30,41,83,-10,180,190,63,85
4/13/2019,,22,41,0,0,105,228,61,240,250,72,103
4/14/2019,,29,66,0,0,125,144,61,140,140,58,72
4/15/2019,,41,178,0,0,88,178,56,310,300,107,134
4/16/2019,,75,0,0,0,71,100,17,300,300,165,210
4/17/2019,,34,0,0,0,77,156,6,10,310,89,116
4/18/2019,,26,8,0,0,51,83,-10,160,170,81,134
4/19/2019,,38,0,0,0,107,217,61,180,200,94,125
4/20/2019,,47,30,0,0,137,144,111,180,190,76,121
4/21/2019,,25,10,0,0,120,150,72,180,160,63,98
4/22/2019,,31,91,0,0,101,156,67,10,20,81,103
4/23/2019,,41,13,0,0,100,111,61,350,10,76,103
4/24/2019,,20,51,0,0,73,117,56,90,100,54,58
4/25/2019,,21,0,0,0,84,122,33,190,170,67,89
4/26/2019,,51,216,0,0,63,100,39,60,90,103,143
4/27/2019,,44,310,0,0,87,122,61,260,260,125,174
4/28/2019,,33,0,0,0,82,139,17,320,330,67,89
4/29/2019,,26,0,0,0,78,133,-10,300,290,107,139
4/30/2019,,26,13,0,0,81,117,44,300,300,94,112
5/1/2019,,22,43,0,0,79,128,28,180,190,72,94
5/2/2019,,31,97,0,0,68,72,56,70,50,67,89
5/3/2019,,23,43,0,0,68,89,61,180,200,63,81
5/4/2019,,16,0,0,0,99,161,67,160,150,54,67
5/5/2019,,16,0,0,0,117,161,89,160,150,54,63
5/6/2019,,30,0,0,0,111,156,72,90,90,67,81
5/7/2019,,24,13,0,0,117,189,67,190,280,58,81
5/8/2019,,44,0,0,0,121,178,67,360,320,103,130
5/9/2019,,32,0,0,0,90,133,33,150,140,76,98
5/10/2019,,26,76,0,0,86,106,72,160,170,72,98
5/11/2019,,40,0,0,0,127,172,83,350,360,98,121
5/12/2019,,23,0,0,0,103,122,56,180,190,58,76
5/13/2019,,47,41,0,0,87,122,56,100,110,98,125
5/14/2019,,45,155,0,0,56,72,39,50,100,98,148
5/15/2019,,29,3,0,0,79,133,44,310,290,81,125
5/16/2019,,22,0,0,0,103,156,61,80,100,58,81
5/17/2019,,18,53,0,0,100,139,67,310,310,67,81
5/18/2019,,44,0,0,0,128,200,67,350,350,107,157
5/19/2019,,31,13,0,0,121,167,94,190,200,89,121
5/20/2019,,21,36,0,0,146,239,100,200,190,72,107
5/21/2019,,70,0,0,0,163,183,111,290,290,143,183
5/22/2019,,45,0,0,0,137,200,94,350,360,107,139
5/23/2019,,35,81,0,0,132,178,89,160,170,76,103
5/24/2019,,51,0,0,0,139,172,78,350,350,148,192
5/25/2019,,36,0,0,0,140,222,72,170,160,81,98
5/26/2019,,32,135,0,0,163,289,106,280,280,89,107
5/27/2019,,31,0,0,0,163,233,100,340,20,76,121
5/28/2019,,31,234,0,0,103,122,56,70,60,67,85
5/29/2019,,27,20,0,0,91,128,67,50,10,63,76
5/30/2019,,34,0,0,0,107,144,83,170,190,72,98
5/31/2019,,28,0,0,0,143,206,111,10,180,72,89
6/1/2019,,23,0,0,0,134,178,94,90,90,58,67
6/2/2019,,23,64,0,0,111,133,100,90,100,58,72
6/3/2019,,49,3,0,0,144,206,100,280,300,112,170
6/4/2019,,41,0,0,0,139,200,83,300,300,89,121
6/5/2019,,17,104,0,0,143,183,106,160,230,45,63
6/6/2019,,23,114,0,0,163,244,122,20,20,63,76
6/7/2019,,24,0,0,0,165,228,100,160,190,58,76
6/8/2019,,21,0,0,0,172,239,100,180,170,81,103
6/9/2019,,24,0,0,0,158,222,83,190,190,72,98
6/10/2019,,30,0,0,0,182,256,128,170,180,67,85
6/11/2019,,41,246,0,0,171,222,133,320,320,98,143
6/12/2019,,34,0,0,0,167,228,89,200,190,89,116
6/13/2019,,33,188,0,0,133,144,100,40,30,76,112
6/14/2019,,31,8,0,0,137,206,94,160,260,72,98
6/15/2019,,36,0,0,0,173,239,94,190,180,81,116
6/16/2019,,22,48,0,0,188,217,161,190,240,40,63
6/17/2019,,32,3,0,0,192,250,139,180,180,76,103
6/18/2019,,19,0,0,0,168,206,128,90,90,40,49
6/19/2019,,22,0,0,0,158,200,139,150,160,67,81
6/20/2019,,25,277,0,0,142,150,133,90,80,45,54
6/21/2019,,43,48,0,0,170,222,144,330,330,103,143
6/22/2019,,49,0,0,0,197,267,139,320,330,125,179
6/23/2019,,51,0,0,0,209,289,122,300,280,103,134
6/24/2019,,26,0,0,0,200,250,128,340,140,72,94
6/25/2019,,31,170,0,0,149,172,117,90,160,63,81
6/26/2019,,27,0,0,0,180,233,128,100,80,67,81
6/27/2019,,21,5,0,0,173,222,144,150,150,58,72
6/28/2019,,20,0,0,0,195,272,144,180,200,67,85
6/29/2019,,30,155,0,0,231,289,183,140,10,76,98
6/30/2019,,33,53,0,0,201,250,161,10,50,81,98
7/1/2019,,35,0,0,0,207,283,156,340,340,72,94
7/2/2019,,23,0,0,0,244,317,189,260,290,72,98
7/3/2019,,22,0,0,0,242,294,172,190,190,63,81
7/4/2019,,18,0,0,0,248,317,183,150,190,58,67
7/5/2019,,28,0,0,0,243,306,172,190,170,76,103
7/6/2019,,31,145,0,0,250,328,194,320,330,94,125
7/7/2019,,31,0,0,0,219,267,156,350,10,72,103
7/8/2019,,28,0,0,0,206,267,139,190,180,63,81
7/9/2019,,30,0,0,0,224,306,144,320,300,67,85
7/10/2019,,27,0,0,0,219,272,167,90,110,54,63
7/11/2019,,26,48,0,0,181,206,156,140,160,54,67
7/12/2019,,22,241,0,0,208,256,183,50,70,58,72
7/13/2019,,30,0,0,0,224,283,178,170,180,67,85
7/14/2019,,29,3,0,0,237,294,183,290,300,112,148
7/15/2019,,39,0,0,0,225,278,156,310,290,89,121
7/16/2019,,26,0,0,0,223,267,156,170,180,72,94
7/17/2019,,30,3,0,0,243,311,200,260,260,76,98
7/18/2019,,30,0,0,0,222,239,161,40,10,67,89
7/19/2019,,29,0,0,0,207,267,156,180,180,72,94
7/20/2019,,26,0,0,0,277,328,217,180,190,58,76
7/21/2019,,38,0,0,0,290,344,244,300,290,103,130
7/22/2019,,16,147,0,0,238,272,172,10,20,54,72
7/23/2019,,22,56,0,0,180,217,161,330,320,54,63
7/24/2019,,16,0,0,0,207,261,167,160,40,45,63
7/25/2019,,19,0,0,0,203,256,150,150,140,63,76
7/26/2019,,19,0,0,0,213,272,144,170,160,58,72
7/27/2019,,28,0,0,0,213,250,172,180,200,72,103
7/28/2019,,27,0,0,0,218,272,161,180,190,76,103
7/29/2019,,21,0,0,0,249,300,200,170,180,67,89
7/30/2019,,27,0,0,0,254,311,194,180,200,72,98
7/31/2019,,26,0,0,0,262,322,206,180,180,94,125
8/1/2019,,33,0,0,0,246,294,172,340,340,67,103
8/2/2019,,26,0,0,0,223,294,150,180,200,63,81
8/3/2019,,25,0,0,0,218,278,144,190,190,67,85
8/4/2019,,18,0,0,0,219,267,161,150,150,54,76
8/5/2019,,31,0,0,0,194,256,111,190,190,67,94
8/6/2019,,26,0,0,0,201,256,133,180,170,76,107
8/7/2019,,27,102,0,0,214,261,189,150,170,67,94
8/8/2019,,32,81,0,0,220,261,194,160,,58,
8/9/2019,,29,0,0,0,228,289,178,250,260,81,116
8/10/2019,,36,0,0,0,202,256,128,320,310,94,130
8/11/2019,,34,0,0,0,184,256,122,300,290,76,98
8/12/2019,,31,0,0,0,223,289,156,150,160,72,85
8/13/2019,,17,61,0,0,223,250,189,170,160,54,63
8/14/2019,,28,0,0,0,203,244,150,80,10,54,67
8/15/2019,,19,0,0,0,199,250,150,160,160,58,67
8/16/2019,,26,3,0,0,194,239,172,140,150,63,76
8/17/2019,,27,5,0,0,196,211,178,150,170,58,72
8/18/2019,,19,13,0,0,212,272,183,160,180,54,67
8/19/2019,,26,30,0,0,219,289,183,210,230,63,89
8/20/2019,,26,0,0,0,243,294,172,180,200,58,81
8/21/2019,,14,485,0,0,201,250,150,270,270,58,81
8/22/2019,,26,0,0,0,232,294,189,190,190,63,81
8/23/2019,,28,0,0,0,222,261,150,340,340,67,85
8/24/2019,,34,0,0,0,183,228,117,20,10,76,98
8/25/2019,,32,0,0,0,171,200,106,40,40,63,81
8/26/2019,,18,0,0,0,157,228,83,90,90,54,67
8/27/2019,,21,0,0,0,174,256,100,180,180,67,85
8/28/2019,,31,221,0,0,185,228,150,150,140,72,94
8/29/2019,,26,135,0,0,202,278,161,340,330,58,67
8/30/2019,,28,0,0,0,215,278,144,250,260,72,94
8/31/2019,,31,0,0,0,203,250,133,340,340,81,116
9/1/2019,,22,0,0,0,164,200,106,100,100,58,76
9/2/2019,,22,18,0,0,173,200,156,190,160,63,98
9/3/2019,,22,0,0,0,189,244,144,150,160,54,72
9/4/2019,,39,8,0,0,189,222,167,180,170,89,121
9/5/2019,,26,0,0,0,178,222,111,180,180,63,103
9/6/2019,,31,0,0,0,145,189,100,40,30,67,85
9/7/2019,,43,10,0,0,149,194,122,340,330,107,139
9/8/2019,,16,0,0,0,147,194,89,90,90,58,72
9/9/2019,,15,0,0,0,141,200,78,150,160,58,72
9/10/2019,,27,0,0,0,144,200,78,200,200,67,85
9/11/2019,,35,5,0,0,213,294,178,280,250,81,107
9/12/2019,,34,0,0,0,178,200,89,20,20,89,121
9/13/2019,,27,0,0,0,135,183,78,140,40,63,81
9/14/2019,,28,0,0,0,127,178,61,200,210,67,98
9/15/2019,,34,0,0,0,194,250,144,260,230,81,107
9/16/2019,,30,0,0,0,169,217,111,290,290,76,107
9/17/2019,,35,0,0,0,141,194,72,360,20,72,103
9/18/2019,,27,0,0,0,126,172,44,30,30,67,89
9/19/2019,,19,0,0,0,110,200,33,190,170,58,76
9/20/2019,,23,0,0,0,154,272,56,310,300,54,76
9/21/2019,,18,0,0,0,198,278,122,160,160,58,72
9/22/2019,,22,0,0,0,193,267,128,150,130,58,72
9/23/2019,,38,3,0,0,237,317,200,260,230,81,121
9/24/2019,,35,0,0,0,218,267,111,290,280,103,130
9/25/2019,,18,0,0,0,154,217,89,140,160,54,63
9/26/2019,,25,64,0,0,151,222,89,170,180,72,107
9/27/2019,,26,0,0,0,150,206,94,160,160,54,72
9/28/2019,,30,0,0,0,166,228,106,190,180,67,89
9/29/2019,,42,0,0,0,186,211,89,350,320,89,112
9/30/2019,,26,0,0,0,106,150,56,150,30,58,72
10/1/2019,,24,46,0,0,136,178,122,190,200,63,89
10/2/2019,,28,10,0,0,164,189,72,20,40,72,98
10/3/2019,,22,0,0,0,83,111,33,30,30,58,89
10/4/2019,,48,43,0,0,98,139,50,340,360,112,143
10/5/2019,,22,0,0,0,81,161,0,330,300,63,89
10/6/2019,,38,0,0,0,88,167,6,190,180,94,130
10/7/2019,,34,140,0,0,174,217,139,180,190,72,107
10/8/2019,,26,15,0,0,149,189,83,340,360,72,85
10/9/2019,,40,0,0,0,118,150,89,40,30,72,94
10/10/2019,,48,0,0,0,116,161,89,10,30,76,103
10/11/2019,,59,0,0,0,126,161,100,60,60,98,116
10/12/2019,,34,10,0,0,118,139,100,350,40,67,85
10/13/2019,,9,0,0,0,137,183,89,140,150,45,54
10/14/2019,,21,0,0,0,133,172,117,140,140,63,85
10/15/2019,,17,0,0,0,127,161,39,320,300,58,76
10/16/2019,,39,15,0,0,81,150,6,80,90,116,170
10/17/2019,,67,302,0,0,116,139,67,90,90,206,277
10/18/2019,,45,0,0,0,100,150,39,290,290,112,143
10/19/2019,,24,0,0,0,86,150,17,290,280,76,89
10/20/2019,,17,0,0,0,63,122,6,100,90,40,54
10/21/2019,,15,0,0,0,115,167,44,90,100,45,54
10/22/2019,,40,79,0,0,89,139,39,80,90,81,107
10/23/2019,,39,442,0,0,132,183,89,310,290,89,116
10/24/2019,,36,0,0,0,114,172,61,200,200,76,107
10/25/2019,,9,13,0,0,112,133,83,160,160,45,54
10/26/2019,,19,8,0,0,104,150,22,310,310,76,94
10/27/2019,,43,343,0,0,72,100,22,140,130,81,107
10/28/2019,,22,0,0,0,91,117,78,360,350,67,81
10/29/2019,,17,13,0,0,99,117,83,180,190,54,72
10/30/2019,,26,20,0,0,126,167,111,220,220,45,63
10/31/2019,,51,84,0,0,144,167,128,180,170,98,139
11/1/2019,,68,23,0,0,141,172,17,260,260,165,219
11/2/2019,,15,0,0,0,43,78,-21,120,90,54,63
11/3/2019,,28,0,0,0,58,122,-5,280,280,76,98
11/4/2019,,31,0,0,0,57,100,6,140,180,67,85
11/5/2019,,36,76,0,0,105,128,89,190,170,72,107
11/6/2019,,36,0,0,0,79,106,0,290,290,107,134
11/7/2019,,26,91,0,0,43,72,17,350,360,58,76
11/8/2019,,61,0,0,0,11,22,-32,310,310,112,161
11/9/2019,,29,0,0,0,-14,39,-71,150,150,67,89
11/10/2019,,26,0,0,0,34,94,-5,210,220,72,103
11/11/2019,,41,33,0,0,50,67,-5,30,30,76,112
11/12/2019,,37,20,8,0,-5,6,-71,290,280,81,107
11/13/2019,,53,0,0,0,-66,-27,-99,290,300,107,139
11/14/2019,,13,0,0,0,-54,6,-105,200,200,54,72
11/15/2019,,40,0,0,0,23,89,-21,300,310,103,134
11/16/2019,,53,0,0,0,-13,11,-66,330,340,107,152
11/17/2019,,30,0,0,0,-37,22,-88,360,10,58,76
11/18/2019,,53,76,0,0,1,28,-10,10,20,94,125
11/19/2019,,18,23,0,0,28,44,17,20,20,67,89
11/20/2019,,34,5,0,0,27,39,11,10,360,67,98
11/21/2019,,22,0,0,0,39,94,-21,330,320,67,85
11/22/2019,,36,20,0,0,39,83,-5,320,310,103,143
11/23/2019,,28,0,0,0,16,67,-32,290,290,94,125
11/24/2019,,48,198,0,0,8,44,-21,340,10,116,152
11/25/2019,,33,0,0,0,52,106,6,290,320,81,103
11/26/2019,,13,0,0,0,36,106,-21,170,200,58,76
11/27/2019,,27,185,0,0,39,83,-21,90,90,98,121
11/28/2019,,77,0,0,0,42,56,17,350,10,130,165
11/29/2019,,65,0,0,0,16,39,-43,330,340,125,165
11/30/2019,,59,0,0,0,-35,0,-60,310,310,116,157
12/1/2019,,26,5,3,0,-39,11,-88,30,30,67,94
12/2/2019,,65,94,56,30,-18,0,-38,360,20,107,148
12/3/2019,,67,173,160,80,-17,6,-27,330,340,112,148
12/4/2019,,6,0,0,180,-23,17,-88,280,250,36,49
12/5/2019,,26,0,0,150,-7,72,-77,300,310,67,89
12/6/2019,,24,8,30,130,-6,11,-60,300,290,67,85
12/7/2019,,22,0,0,150,-31,6,-88,310,320,58,67
12/8/2019,,25,0,0,150,-59,22,-138,220,200,67,103
12/9/2019,,33,193,0,130,42,117,22,190,190,89,134
12/10/2019,,42,13,0,0,123,144,50,260,200,81,116
12/11/2019,,21,41,10,0,24,50,-32,310,290,58,72
12/12/2019,,30,0,0,0,-23,6,-49,300,300,103,125
12/13/2019,,17,97,0,0,-6,56,-60,230,230,45,58
12/14/2019,,46,864,0,0,76,122,28,110,110,125,179
12/15/2019,,86,0,0,0,84,122,-16,280,260,143,192
12/16/2019,,33,0,0,0,-12,11,-49,290,280,107,134
12/17/2019,,31,58,64,0,-26,0,-43,360,10,67,81
12/18/2019,,28,3,13,80,-14,11,-43,310,300,130,174
12/19/2019,,47,0,0,50,-64,-43,-132,300,310,112,148
12/20/2019,,30,0,0,50,-83,-10,-149,340,340,76,103
12/21/2019,,7,0,0,50,-57,-5,-116,290,150,36,40
12/22/2019,,15,0,0,50,-6,61,-49,220,210,45,58
12/23/2019,,22,0,0,50,6,89,-60,300,290,81,98
12/24/2019,,42,0,0,0,44,72,-38,330,320,94,125
12/25/2019,,8,0,0,0,-14,22,-60,350,350,36,40
12/26/2019,,16,0,0,0,-19,0,-55,20,30,45,58
12/27/2019,,28,8,0,0,4,61,-21,230,210,54,76
12/28/2019,,21,0,0,0,45,94,-27,320,320,67,94
12/29/2019,,17,3,3,0,12,56,-38,50,40,63,81
12/30/2019,,52,406,249,80,-15,0,-32,50,50,94,125
12/31/2019,,43,190,76,280,-1,39,-21,80,90,103,130
